name,description,category,image,calories,protein,carbohydrates,fat,fiber,sugar,nutritionDensityScore,sodium,cholesterol,calcium,iron,potassium,magnesium,zinc,vitaminA,vitaminC,vitaminD,vitaminE,vitaminK
cream cheese,Cream Cheese is a nutritious food rich in essential nutrients.,Dairy,,51,0.9,0.8,5.0,0.0,0.5,7.07,0.016,14.6,0.008,0.082,15.5,0.027,0.039,0.2,0.004,0.0,0.0,0.1
neufchatel cheese,Neufchatel Cheese is a nutritious food rich in essential nutrients.,Dairy,,215,7.8,3.1,19.4,0.0,2.7,130.1,0.3,62.9,99.5,0.1,129.2,8.5,0.7,0.2,0.0,0.0,0.3,0.045
requeijao cremoso light catupiry,Requeijao Cremoso Light Catupiry is a nutritious food rich in essential nutrients.,Others,,49,0.8,0.9,3.6,0.1,3.4,5.4,0.0,0.0,0.0,0.0,0.0,0.0,0.0,0.0,0.0,0.0,0.0,0.0
ricotta cheese,Ricotta Cheese is a nutritious food rich in essential nutrients.,Dairy,,30,1.5,1.5,2.0,0.0,0.091,5.196,0.017,9.8,0.097,0.097,30.8,0.096,0.035,0.075,0.006,0.0,0.001,0.011
cream cheese low fat,Cream Cheese Low Fat is a nutritious food rich in essential nutrients.,Dairy,,30,1.2,1.2,2.3,0.0,0.9,27.007,0.046,8.1,22.2,0.008,37.1,1.2,0.053,0.016,0.0,0.036,0.009,0.019
cream cheese fat free,Cream Cheese Fat Free is a nutritious food rich in essential nutrients.,Dairy,,19,2.8,1.4,0.2,0.0,1.0,67.679,0.1,2.2,63.2,0.053,50.0,4.0,0.3,0.063,0.0,0.0,0.049,0.059
gruyere cheese,Gruyere Cheese is a nutritious food rich in essential nutrients.,Dairy,,116,8.3,0.1,9.1,0.0,0.1,300.694,0.2,30.8,283.1,0.094,22.7,10.1,1.1,0.061,0.0,0.034,0.035,0.048
cheddar cheese,Cheddar Cheese is a nutritious food rich in essential nutrients.,Dairy,,113,6.4,0.9,9.3,0.0,0.1,215.53,0.2,27.7,198.8,0.077,21.3,7.6,1.0,0.054,0.0,0.06,0.2,0.035
parmesan cheese,Parmesan Cheese is a nutritious food rich in essential nutrients.,Dairy,,71,6.4,0.6,4.5,0.0,0.046,224.777,0.2,12.2,213.1,0.1,16.6,7.9,0.5,0.067,0.0,0.095,0.018,0.021
romano cheese,Romano Cheese is a nutritious food rich in essential nutrients.,Dairy,,19,1.6,0.2,1.3,0.0,0.088,56.38,0.008,5.2,53.2,0.03,4.3,2.1,0.1,0.064,0.0,0.073,0.078,0.004
parmesan cheese grated,Parmesan Cheese Grated is a nutritious food rich in essential nutrients.,Dairy,,21,1.4,0.7,1.4,0.0,0.075,3.745,0.043,4.3,0.012,0.094,31.4,0.094,0.038,0.017,0.007,0.0,0.002,0.014
port salut cheese,Port Salut Cheese is a nutritious food rich in essential nutrients.,Dairy,,465,31.4,0.8,37.2,0.0,0.8,928.4,0.7,162.4,858.0,0.6,179.5,31.7,3.4,0.4,0.0,0.057,0.3,0.094
swiss cheese,Swiss Cheese is a nutritious food rich in essential nutrients.,Dairy,,98,6.7,0.4,7.7,0.0,0.0,237.396,0.057,23.3,222.5,0.024,18.0,8.3,1.1,0.069,0.0,0.016,0.2,0.056
goat cheese hard,Goat Cheese Hard is a nutritious food rich in essential nutrients.,Dairy,,128,8.6,0.6,10.1,0.0,0.6,273.2,0.076,29.7,253.3,0.5,13.6,15.3,0.4,0.1,0.0,0.044,0.083,0.039
gouda cheese,Gouda Cheese is a nutritious food rich in essential nutrients.,Dairy,,100,7.0,0.6,7.7,0.0,0.6,211.424,0.2,31.9,196.0,0.06,33.9,8.1,1.1,0.053,0.0,0.04,0.026,0.074
pepper jack cheese lucerne,Pepper Jack Cheese Lucerne is a nutritious food rich in essential nutrients.,Vegetables,,75,5.0,0.0,6.0,2.5,0.0,13.5,0.0,0.0,0.0,0.0,0.0,0.0,0.0,0.0,0.0,0.0,0.0,0.0
caraway cheese,Caraway Cheese is a nutritious food rich in essential nutrients.,Dairy,,106,7.1,0.9,8.3,0.0,0.0,207.072,0.2,26.3,190.5,0.2,26.3,6.2,0.8,0.014,0.0,0.0,0.0,0.0
gjetost cheese,Gjetost Cheese is a nutritious food rich in essential nutrients.,Dairy,,1058,21.9,96.8,67.0,0.0,0.0,1095.7,1.4,213.4,908.0,1.2,3198.4,158.9,2.6,0.8,0.0,0.0,0.0,0.0
tilsit cheese,Tilsit Cheese is a nutritious food rich in essential nutrients.,Dairy,,136,9.8,0.8,10.4,0.0,0.0,301.069,0.3,40.8,280.0,0.01,26.0,5.2,1.4,0.057,0.0,0.0,0.0,0.0
goat cheese,Goat Cheese is a nutritious food rich in essential nutrients.,Dairy,,103,6.1,0.009,8.4,0.0,0.031,99.494,0.1,22.4,84.3,0.5,44.7,8.2,0.2,0.1,0.0,0.078,0.082,0.046
brick cheese,Brick Cheese is a nutritious food rich in essential nutrients.,Dairy,,111,7.0,0.8,8.9,0.0,0.2,219.002,0.2,28.2,202.2,0.1,40.8,7.2,0.8,0.016,0.0,0.042,0.072,0.064
asadero cheese,Asadero Cheese is a nutritious food rich in essential nutrients.,Dairy,,402,25.5,3.2,31.9,0.0,3.2,808.175,0.7,118.7,746.9,0.6,97.2,29.4,3.4,0.098,0.0,0.071,0.3,0.02
camembert cheese,Camembert Cheese is a nutritious food rich in essential nutrients.,Dairy,,90,5.9,0.1,7.3,0.0,0.1,129.826,0.3,21.6,116.4,0.063,56.1,6.0,0.7,0.091,0.0,0.093,0.014,0.024
provolone cheese reduced fat,Provolone Cheese Reduced Fat is a nutritious food rich in essential nutrients.,Dairy,,310,27.9,4.0,19.9,0.0,0.6,906.9,1.0,62.2,854.3,0.6,155.9,31.6,3.6,0.2,0.0,0.027,0.2,0.076
roquefort cheese,Roquefort Cheese is a nutritious food rich in essential nutrients.,Dairy,,314,18.3,1.7,26.0,0.0,0.0,609.4,1.5,76.5,562.7,0.5,77.4,25.5,1.8,0.2,0.0,0.0,0.0,0.0
queso blanco cheese,Queso Blanco Cheese is a nutritious food rich in essential nutrients.,Dairy,,366,24.0,3.0,28.7,0.0,2.1,870.3,0.8,82.6,814.2,0.2,148.7,34.2,3.6,0.2,0.0,0.05,0.6,0.061
queso seco cheese,Queso Seco Cheese is a nutritious food rich in essential nutrients.,Dairy,,315,23.8,2.0,23.6,0.0,0.5,691.0,1.8,75.7,641.2,0.2,112.5,26.2,3.2,0.2,0.0,0.032,0.5,0.045
goat cheese soft,Goat Cheese Soft is a nutritious food rich in essential nutrients.,Dairy,,75,5.2,0.0,6.0,0.0,0.3,51.311,0.1,13.0,39.6,0.5,7.4,4.5,0.3,0.049,0.0,0.092,0.01,0.093
mozzarella cheese,Mozzarella Cheese is a nutritious food rich in essential nutrients.,Dairy,,90,6.7,0.7,6.6,0.0,0.0,165.648,0.1,23.7,151.5,0.1,22.8,6.0,0.9,0.037,0.0,0.044,0.001,0.008
chihuahua cheese,Chihuahua Cheese is a nutritious food rich in essential nutrients.,Dairy,,494,28.5,7.3,39.2,0.0,7.3,934.983,0.8,138.6,859.3,0.6,68.6,30.4,4.6,0.007,0.0,0.089,0.3,0.011
limburger cheese,Limburger Cheese is a nutritious food rich in essential nutrients.,Dairy,,98,6.0,0.1,8.2,0.0,0.1,163.575,0.2,27.0,149.1,0.011,38.4,6.3,0.6,0.1,0.0,0.004,0.055,0.046
muenster cheese,Muenster Cheese is a nutritious food rich in essential nutrients.,Dairy,,486,30.9,1.5,39.7,0.0,1.5,1019.4,0.8,126.7,946.4,0.5,176.9,35.6,3.7,0.4,0.0,0.065,0.3,0.056
queso fresco cheese,Queso Fresco Cheese is a nutritious food rich in essential nutrients.,Dairy,,365,22.1,3.6,29.1,0.0,2.8,745.8,0.9,84.2,690.5,0.2,157.4,29.3,3.1,0.3,0.0,0.055,0.5,0.087
brie cheese,Brie Cheese is a nutritious food rich in essential nutrients.,Dairy,,100,6.2,0.1,8.3,0.0,0.1,70.096,0.2,30.0,55.2,0.2,45.6,6.0,0.7,0.014,0.0,0.068,0.078,0.056
pimento cheese,Pimento Cheese is a nutritious food rich in essential nutrients.,Dairy,,525,31.0,2.4,43.7,0.1,0.9,940.9,2.0,131.6,859.6,0.6,226.8,30.8,4.2,0.3,3.2,0.099,0.4,0.086
mexican cheese,Mexican Cheese is a nutritious food rich in essential nutrients.,Dairy,,316,27.7,3.8,21.7,0.0,0.6,1337.0,0.9,69.4,1283.5,0.1,104.2,39.2,4.8,0.2,0.0,0.087,0.2,0.073
feta cheese,Feta Cheese is a nutritious food rich in essential nutrients.,Dairy,,80,4.3,1.2,6.4,0.0,0.0,160.058,0.3,26.7,147.9,0.2,18.6,5.7,0.9,0.014,0.0,0.06,0.036,0.057
mozzarella cheese fat free,Mozzarella Cheese Fat Free is a nutritious food rich in essential nutrients.,Dairy,,159,35.8,4.0,0.0,2.0,1.7,1128.2,0.8,20.3,1085.9,0.4,119.8,37.3,4.4,0.1,0.0,0.0,0.2,0.018
provolone cheese,Provolone Cheese is a nutritious food rich in essential nutrients.,Dairy,,463,33.8,2.8,35.1,0.0,0.7,1070.6,1.2,91.1,997.9,0.7,182.2,37.0,4.3,0.3,0.0,0.028,0.3,0.001
anejo cheese,Anejo Cheese is a nutritious food rich in essential nutrients.,Dairy,,492,28.3,6.1,39.6,0.0,6.1,972.205,1.5,138.6,897.6,0.6,114.8,37.0,3.9,0.098,0.0,0.032,0.3,0.078
honey,Honey is a nutritious food rich in essential nutrients.,Others,,64,0.08,17.3,0.0,0.025,17.2,18.892,0.011,0.0,1.3,0.017,10.9,0.4,0.008,0.0,0.1,0.0,0.0,0.0
apple butter,Apple Butter is a nutritious food rich in essential nutrients.,Fruits,,35,0.045,8.5,0.063,0.3,7.1,11.836,0.003,0.0,2.8,0.025,18.2,0.8,0.095,0.0,0.1,0.0,0.06,0.075
fruit jam,Fruit Jam is a nutritious food rich in essential nutrients.,Others,,56,0.0,13.8,0.095,0.2,9.7,19.919,0.052,0.0,4.0,0.07,15.4,0.8,0.03,0.0,1.8,0.0,0.062,0.0
chocolate hazelnut spread,Chocolate Hazelnut Spread is a nutritious food rich in essential nutrients.,Nuts,,100,1.0,11.5,5.5,1.0,10.0,39.8,0.099,0.0,20.0,0.8,75.3,11.8,0.2,0.0,0.0,0.0,0.9,0.071
peanut butter,Peanut Butter is a nutritious food rich in essential nutrients.,Dairy,,88,3.3,3.6,7.4,0.9,1.0,15.268,0.085,0.0,0.0,0.079,50.3,0.3,0.044,0.0,0.078,0.0,0.0,0.9
peanut spread,Peanut Spread is a nutritious food rich in essential nutrients.,Legumes,,101,3.8,2.2,8.5,1.2,0.5,27.3,0.028,0.0,11.2,0.4,126.8,25.4,0.5,0.0,0.0,0.0,1.2,0.046
chicken spread,Chicken Spread is a nutritious food rich in essential nutrients.,Meat,,88,10.1,2.3,9.8,0.2,0.3,31.972,0.4,31.4,9.0,0.5,59.4,6.7,0.6,0.076,0.0,0.0,0.0,0.0
cheese spread,Cheese Spread is a nutritious food rich in essential nutrients.,Dairy,,708,17.0,8.4,68.6,0.0,8.4,267.8,1.2,216.0,170.4,2.7,268.8,14.4,1.2,0.7,0.0,0.091,1.8,0.098
tahini,Tahini is a nutritious food rich in essential nutrients.,Others,,86,2.7,3.9,7.2,1.4,0.0,78.6,0.098,0.0,63.0,0.4,62.1,14.4,0.7,0.0,0.0,0.0,0.0,0.0
orange marmalade,Orange Marmalade is a nutritious food rich in essential nutrients.,Fruits,,49,0.014,13.3,0.0,0.1,12.0,22.119,0.016,0.0,7.6,0.053,7.4,0.4,0.046,0.0,1.0,0.0,0.089,0.0
american cheese spread,American Cheese Spread is a nutritious food rich in essential nutrients.,Dairy,,46,2.6,1.4,3.4,0.0,1.2,97.357,0.3,8.8,89.9,0.079,38.7,4.6,0.4,0.043,0.0,0.014,0.022,0.046
apricot jam,Apricot Jam is a nutritious food rich in essential nutrients.,Others,,48,0.1,12.9,0.01,0.044,8.7,18.91,0.004,0.0,4.0,0.066,15.4,0.8,0.062,0.0,1.8,0.0,0.048,0.0
chunky peanut butter,Chunky Peanut Butter is a nutritious food rich in essential nutrients.,Dairy,,94,3.8,3.5,8.0,1.3,1.3,24.1,0.03,0.0,7.2,0.3,119.2,25.6,0.4,0.0,0.0,0.0,1.0,0.016
ham and cheese spread,Ham And Cheese Spread is a nutritious food rich in essential nutrients.,Dairy,,37,2.4,0.3,2.8,0.0,0.0,38.238,0.2,9.2,32.6,0.1,24.3,2.7,0.3,0.03,0.0,0.0,0.0,0.0
chicken and rice casserole homade,Chicken And Rice Casserole Homade is a nutritious food rich in essential nutrients.,Meat,,27,2.0,2.4,1.0,0.3,0.0,5.7,0.0,0.0,0.0,0.0,0.0,0.0,0.0,0.0,0.0,0.0,0.0,0.0
picnic loaf,Picnic Loaf is a nutritious food rich in essential nutrients.,Others,,65,4.2,1.3,4.7,0.0,0.0,23.7,0.3,10.6,13.2,0.3,74.8,4.2,0.6,0.0,0.0,0.025,0.0,0.0
corn tamale,Corn Tamale is a nutritious food rich in essential nutrients.,Grains,,309,5.8,44.3,12.0,5.3,12.3,108.1,0.5,0.0,39.8,0.9,308.8,48.1,1.0,0.0,0.0,0.0,0.7,0.052
baked potato with cheese sauce bacon,Baked Potato With Cheese Sauce Bacon is a nutritious food rich in essential nutrients.,Vegetables,,451,18.4,44.4,25.9,0.0,0.0,428.7,1.0,29.9,308.0,3.1,1178.1,68.8,2.2,0.2,28.7,0.0,0.0,0.0
chinese egg roll,Chinese Egg Roll is a nutritious food rich in essential nutrients.,Eggs,,223,7.4,24.3,10.6,2.3,0.0,81.5,0.4,14.2,35.6,1.3,146.9,16.0,0.6,0.0,0.0,0.0,0.0,0.066
butter croissant,Butter Croissant is a nutritious food rich in essential nutrients.,Dairy,,231,4.7,26.1,12.0,1.5,6.4,66.8,0.2,38.2,21.1,1.2,67.3,9.1,0.4,0.1,0.1,0.0,0.5,0.022
enchilada with cheese beef,Enchilada With Cheese Beef is a nutritious food rich in essential nutrients.,Dairy,,323,11.9,30.5,17.6,0.0,0.0,292.933,1.3,40.3,228.5,3.1,574.1,82.6,2.7,0.016,1.3,0.0,0.0,0.0
corned beef hash with potatoes,Corned Beef Hash With Potatoes is a nutritious food rich in essential nutrients.,Vegetables,,387,20.6,21.9,24.2,2.6,0.8,118.6,1.0,75.5,44.8,2.4,405.9,30.7,3.3,0.0,2.1,0.0,0.057,0.017
biscuit with egg cheese bacon,Biscuit With Egg Cheese Bacon is a nutritious food rich in essential nutrients.,Dairy,,436,17.4,35.4,25.3,0.3,2.5,230.2,1.2,240.7,149.4,2.3,190.0,21.8,1.6,0.1,0.0,0.095,1.5,0.098
bagel with ham egg cheese,Bagel With Ham Egg Cheese is a nutritious food rich in essential nutrients.,Dairy,,483,26.7,52.4,18.5,0.4,7.0,287.6,1.3,242.6,185.3,4.1,261.7,40.1,2.4,0.2,0.0,0.001,1.2,0.018
quesadilla with chicken,Quesadilla With Chicken is a nutritious food rich in essential nutrients.,Meat,,529,27.1,43.3,27.5,3.1,3.4,588.7,1.3,66.6,484.2,3.2,329.4,45.0,2.6,0.1,0.2,0.1,0.5,0.03
corn rice,Corn Rice is a nutritious food rich in essential nutrients.,Grains,,110,1.8,25.2,0.3,0.4,3.0,51.9,0.2,0.0,2.9,9.9,30.5,5.5,2.2,0.2,11.2,0.0,0.035,0.0
kung pao chicken,Kung Pao Chicken is a nutritious food rich in essential nutrients.,Meat,,779,59.0,41.5,42.2,9.1,18.3,320.1,2.4,157.0,120.8,4.6,1316.7,145.0,4.5,0.0,42.9,0.0,6.2,0.012
beef empanada,Beef Empanada is a nutritious food rich in essential nutrients.,Meat,,298,10.1,27.8,16.3,1.8,1.6,76.2,0.4,23.1,17.8,2.4,169.1,18.7,1.7,0.0,0.0,0.0,0.6,0.072
frijoles with cheese,Frijoles With Cheese is a nutritious food rich in essential nutrients.,Dairy,,225,11.4,28.7,7.8,0.0,0.0,240.305,0.9,36.7,188.7,2.2,604.5,85.2,1.7,0.008,1.5,0.0,0.0,0.0
burrito with beef,Burrito With Beef is a nutritious food rich in essential nutrients.,Meat,,285,9.1,43.9,8.1,4.4,4.1,65.89,0.5,2.6,0.042,0.2,150.9,3.2,0.002,0.036,0.1,0.4,0.0,0.5
crispy chicken sandwich,Crispy Chicken Sandwich is a nutritious food rich in essential nutrients.,Meat,,350,14.8,33.2,17.6,0.0,3.9,114.1,0.7,0.0,46.6,1.9,233.1,25.2,0.7,0.0,0.0,0.0,0.0,0.0
enchilada with cheese,Enchilada With Cheese is a nutritious food rich in essential nutrients.,Dairy,,374,15.4,21.2,25.3,2.6,3.6,65.6,0.7,57.5,0.0,0.2,367.2,0.9,0.03,0.7,0.2,0.8,0.0,1.8
pork egg roll,Pork Egg Roll is a nutritious food rich in essential nutrients.,Meat,,189,8.4,25.1,6.1,1.8,4.5,96.5,0.3,11.9,28.9,1.3,180.2,17.0,0.8,0.0,24.9,0.085,0.2,0.064
corn on the cob with butter,Corn On The Cob With Butter is a nutritious food rich in essential nutrients.,Dairy,,155,4.5,31.9,3.4,0.0,0.0,52.078,0.056,5.8,4.4,0.9,359.2,40.9,0.9,0.004,6.9,0.0,0.0,0.0
pancakes with butter syrup,Pancakes With Butter Syrup is a nutritious food rich in essential nutrients.,Dairy,,260,4.1,45.4,7.0,0.0,0.0,123.319,0.6,29.0,63.8,1.3,125.3,24.4,0.5,0.015,1.7,0.0,0.7,0.0
burrito with beans,Burrito With Beans is a nutritious food rich in essential nutrients.,Legumes,,224,7.0,35.7,6.7,0.0,0.0,109.1,0.5,2.2,56.4,2.3,326.6,43.4,0.8,0.0,1.0,0.0,0.0,0.0
scrambled eggs,Scrambled Eggs is a nutritious food rich in essential nutrients.,Eggs,,100,6.5,1.0,7.6,0.0,0.8,44.726,0.1,200.2,26.8,1.2,69.1,6.6,0.8,0.066,1.6,0.086,0.5,0.001
baked potato with sour cream,Baked Potato With Sour Cream is a nutritious food rich in essential nutrients.,Vegetables,,393,6.7,50.0,22.3,0.0,0.0,221.8,0.2,24.2,105.7,3.1,1383.2,69.5,0.9,0.2,33.8,0.0,0.0,0.0
turkey and gravy,Turkey And Gravy is a nutritious food rich in essential nutrients.,Meat,,161,14.1,11.1,6.3,0.0,0.0,67.374,1.3,43.2,33.6,2.2,146.4,19.2,1.7,0.018,0.0,0.0,0.0,0.0
chicken egg roll,Chicken Egg Roll is a nutritious food rich in essential nutrients.,Meat,,158,8.4,22.8,3.6,1.9,4.5,84.75,0.4,11.2,37.6,1.4,224.8,24.0,0.4,0.085,9.0,0.0,0.3,0.072
vegetable egg roll,Vegetable Egg Roll is a nutritious food rich in essential nutrients.,Eggs,,153,5.2,25.0,3.6,2.2,5.3,84.1,0.4,0.0,35.9,1.5,195.0,20.3,0.4,0.0,10.7,0.0,0.4,0.099
ham cheese roll,Ham Cheese Roll is a nutritious food rich in essential nutrients.,Dairy,,67,3.8,1.1,5.2,0.0,0.0,26.6,0.3,16.2,16.2,0.3,82.3,4.5,0.6,0.0,0.0,0.061,0.037,0.0
biscuit with ham,Biscuit With Ham is a nutritious food rich in essential nutrients.,Meat,,386,13.4,43.8,18.4,0.8,2.2,239.732,1.1,24.9,160.5,2.7,196.6,22.6,1.6,0.05,0.1,0.08,1.4,0.089
lemon chicken,Lemon Chicken is a nutritious food rich in essential nutrients.,Fruits,,1440,68.6,122.0,74.9,7.0,55.2,545.212,1.5,203.8,248.4,8.4,987.4,95.6,3.2,0.099,15.9,0.045,8.1,0.2
hummus,Hummus is a nutritious food rich in essential nutrients.,Others,,435,12.0,49.5,21.1,9.8,0.7,236.1,0.6,0.0,120.5,3.8,425.6,71.3,2.7,0.0,19.4,0.0,1.8,0.059
croissant with egg cheese,Croissant With Egg Cheese is a nutritious food rich in essential nutrients.,Dairy,,368,12.8,24.3,24.7,0.0,0.0,307.9,0.6,215.9,243.8,2.2,174.0,21.6,1.8,0.0,0.1,0.0,0.0,0.0
enchirito with cheese beef beans,Enchirito With Cheese Beef Beans is a nutritious food rich in essential nutrients.,Dairy,,344,17.9,33.8,16.1,0.0,0.0,292.984,1.3,50.2,218.1,2.4,559.7,71.4,2.8,0.074,4.6,0.0,0.0,0.0
sweet sour pork,Sweet Sour Pork is a nutritious food rich in essential nutrients.,Meat,,38,1.2,3.3,2.2,0.1,1.4,13.977,0.003,3.4,6.4,0.4,21.3,1.8,0.1,0.003,0.3,0.0,0.1,0.058
crab cake,Crab Cake is a nutritious food rich in essential nutrients.,Seafood,,160,11.3,5.1,10.4,0.2,0.0,230.596,0.5,82.2,202.2,1.1,162.0,25.2,2.1,0.062,0.2,0.0,0.0,0.0
egg dinner roll,Egg Dinner Roll is a nutritious food rich in essential nutrients.,Eggs,,107,3.3,18.2,2.2,1.3,1.5,46.913,0.2,17.5,20.7,1.2,36.4,8.8,0.4,0.051,0.0,0.0,0.1,0.082
english muffin with egg cheese sausage,English Muffin With Egg Cheese Sausage is a nutritious food rich in essential nutrients.,Dairy,,472,22.1,28.8,29.9,0.3,2.5,362.7,0.8,269.0,277.2,4.3,242.6,28.1,1.7,0.1,0.0,0.063,1.6,0.051
buttermilk pancakes,Buttermilk Pancakes is a nutritious food rich in essential nutrients.,Dairy,,86,2.6,10.9,3.5,0.0,0.0,77.568,0.2,22.0,59.7,0.6,55.1,5.7,0.2,0.094,0.2,0.0,0.0,0.0
omelet,Omelet is a nutritious food rich in essential nutrients.,Others,,94,6.4,0.4,7.1,0.0,0.2,14.377,0.013,190.9,0.05,0.07,101.9,0.9,0.03,0.4,0.003,0.0,0.098,0.8
taco with chicken cheese lettuce,Taco With Chicken Cheese Lettuce is a nutritious food rich in essential nutrients.,Vegetables,,185,13.0,19.3,6.2,1.2,1.3,161.153,0.6,28.4,119.6,1.6,212.7,23.5,0.7,0.014,0.2,0.017,0.2,0.075
spinach souffle,Spinach Souffle is a nutritious food rich in essential nutrients.,Vegetables,,230,10.7,8.0,17.6,1.0,2.5,273.4,0.8,160.5,224.4,1.6,314.2,40.8,1.2,0.2,9.9,0.063,1.3,0.2
english muffin with cheese sausage,English Muffin With Cheese Sausage is a nutritious food rich in essential nutrients.,Dairy,,365,14.3,27.3,22.3,0.5,2.1,294.696,0.7,46.4,226.8,3.4,193.3,22.7,1.3,0.074,0.0,0.085,0.6,0.01
potato gratin,Potato Gratin is a nutritious food rich in essential nutrients.,Vegetables,,328,12.4,27.6,18.6,4.4,0.0,380.7,1.1,56.4,291.6,1.6,970.2,49.0,1.7,0.2,24.3,0.0,0.0,0.0
biscuit with egg,Biscuit With Egg is a nutritious food rich in essential nutrients.,Eggs,,436,17.4,35.4,25.3,0.3,2.5,230.3,1.2,240.7,149.4,2.3,190.0,21.8,1.6,0.1,0.1,0.027,1.5,0.037
french fries deep fried,French Fries Deep Fried is a nutritious food rich in essential nutrients.,Others,,222,2.4,29.4,10.5,2.7,0.2,45.364,0.1,0.0,0.075,0.038,88.8,0.6,0.019,0.063,0.3,3.3,0.0,1.2
sweet sour chicken,Sweet Sour Chicken is a nutritious food rich in essential nutrients.,Meat,,46,1.8,4.4,2.3,0.2,2.1,17.773,0.043,4.9,8.2,0.4,28.9,2.7,0.057,0.031,0.4,0.0,0.2,0.098
burrito with beans beef,Burrito With Beans Beef is a nutritious food rich in essential nutrients.,Meat,,460,27.8,47.0,18.0,7.2,5.3,326.183,1.4,62.7,216.9,4.6,648.3,60.3,4.8,0.096,4.6,0.059,1.1,0.022
nachos with cinnamon sugar,Nachos With Cinnamon Sugar is a nutritious food rich in essential nutrients.,Others,,592,7.2,63.4,36.0,0.0,0.0,202.5,0.4,39.2,85.0,2.9,78.5,19.6,0.6,0.0,8.0,0.0,0.0,0.0
arroz con grandules,Arroz Con Grandules is a nutritious food rich in essential nutrients.,Others,,209,4.0,35.4,5.7,1.6,0.0,56.2,0.7,0.0,9.2,0.3,96.6,16.1,0.9,0.0,0.0,0.0,0.8,0.066
chili con carne,Chili Con Carne is a nutritious food rich in essential nutrients.,Others,,271,14.7,33.1,8.8,8.3,4.7,66.245,1.1,22.8,0.063,0.6,220.1,3.4,0.039,0.4,0.3,0.5,0.0,1.3
arroz con abichuelas,Arroz Con Abichuelas is a nutritious food rich in essential nutrients.,Others,,223,6.2,37.3,5.4,4.1,0.2,78.5,0.6,0.0,23.6,1.9,304.6,33.0,1.1,0.0,0.0,0.0,0.4,0.046
biscuit with sausage,Biscuit With Sausage is a nutritious food rich in essential nutrients.,Others,,412,10.7,33.3,27.1,0.4,1.8,125.8,0.9,31.1,52.2,2.1,169.8,14.4,0.8,0.0,0.0,0.044,0.9,0.035
vegetarian stew,Vegetarian Stew is a nutritious food rich in essential nutrients.,Others,,304,42.0,17.3,7.4,2.7,3.1,149.2,1.0,0.0,76.6,3.2,296.4,313.7,2.7,0.0,0.0,0.0,1.2,0.041
chicken sandwich with cheese,Chicken Sandwich With Cheese is a nutritious food rich in essential nutrients.,Dairy,,632,29.4,41.6,38.8,0.0,0.0,374.2,1.2,77.5,257.6,3.6,332.9,43.3,2.9,0.2,3.0,0.0,0.0,0.0
biscuit with egg steak,Biscuit With Egg Steak is a nutritious food rich in essential nutrients.,Eggs,,410,17.9,21.3,28.4,0.0,0.0,210.8,0.9,272.3,137.6,5.3,306.4,25.2,2.8,0.2,0.1,0.0,0.0,0.0
taco salad,Taco Salad is a nutritious food rich in essential nutrients.,Others,,212,10.0,17.9,11.2,0.0,0.0,189.0,0.6,33.0,145.5,1.7,315.0,39.0,2.0,0.0,2.7,0.0,0.0,0.0
succotash,Succotash is a nutritious food rich in essential nutrients.,Others,,213,9.7,46.8,1.5,0.0,0.0,109.2,0.5,0.0,32.6,2.9,787.2,101.8,1.2,0.0,15.7,0.0,0.0,0.0
nachos with cheese jalapeno peppers,Nachos With Cheese Jalapeno Peppers is a nutritious food rich in essential nutrients.,Vegetables,,608,16.8,60.1,34.1,0.0,0.0,735.0,1.7,83.6,620.2,2.4,293.8,108.1,2.9,0.4,1.0,0.0,0.0,0.0
biscuit with egg ham,Biscuit With Egg Ham is a nutritious food rich in essential nutrients.,Meat,,442,20.4,31.4,27.0,0.8,4.2,305.1,1.4,299.5,220.8,4.6,318.7,30.7,2.2,0.1,0.0,0.093,2.1,0.057
ladyfingers,Ladyfingers is a nutritious food rich in essential nutrients.,Others,,103,3.0,16.9,2.6,0.3,7.2,38.1,0.016,62.5,13.3,1.0,32.0,3.4,0.3,0.0,1.0,0.033,0.2,0.002
mozzarella steak fried,Mozzarella Steak Fried is a nutritious food rich in essential nutrients.,Dairy,,102,4.6,7.7,5.9,0.6,0.7,126.963,0.2,10.2,107.9,0.2,35.7,6.8,0.6,0.023,0.0,0.096,0.3,0.071
tamale navajo,Tamale Navajo is a nutritious food rich in essential nutrients.,Others,,285,11.7,33.7,11.4,5.8,1.8,122.0,0.8,31.6,53.9,2.3,243.7,40.9,2.8,0.0,3.2,0.0,0.0,0.0
blueberry pancakes,Blueberry Pancakes is a nutritious food rich in essential nutrients.,Fruits,,84,2.3,11.0,3.5,0.0,0.0,96.631,0.2,21.3,78.3,0.7,52.4,6.1,0.2,0.023,0.8,0.0,0.0,0.0
chimichanga with beef cheese,Chimichanga With Beef Cheese is a nutritious food rich in essential nutrients.,Dairy,,443,20.1,39.3,23.4,0.0,0.0,327.3,1.0,51.2,237.9,3.8,203.1,60.4,3.4,0.1,2.7,0.0,0.0,0.0
egg cheese sandwich,Egg Cheese Sandwich is a nutritious food rich in essential nutrients.,Dairy,,340,15.6,25.9,19.4,0.0,0.0,290.4,0.8,290.5,224.8,3.0,188.3,21.9,1.6,0.2,1.5,0.0,0.0,0.0
biscuit with egg bacon,Biscuit With Egg Bacon is a nutritious food rich in essential nutrients.,Meat,,458,17.0,28.6,31.1,0.8,3.3,272.958,1.3,352.5,189.0,3.7,250.5,24.0,1.6,0.082,2.7,0.066,2.0,0.098
pupusas con queso,Pupusas Con Queso is a nutritious food rich in essential nutrients.,Others,,300,13.7,26.2,15.5,3.4,1.4,439.9,0.5,37.4,380.3,0.7,140.4,42.1,2.2,0.1,0.0,0.0,0.5,0.073
apple croissant,Apple Croissant is a nutritious food rich in essential nutrients.,Fruits,,145,4.2,21.1,5.0,1.4,0.0,49.733,0.2,17.7,17.1,0.6,51.3,7.4,0.6,0.031,0.3,0.0,0.0,0.0
refried red beans,Refried Red Beans is a nutritious food rich in essential nutrients.,Legumes,,336,11.7,36.0,16.1,11.0,0.0,156.2,0.9,0.0,76.9,4.5,722.3,83.9,1.6,0.0,0.0,0.0,2.4,0.0
tostada with guacamole,Tostada With Guacamole is a nutritious food rich in essential nutrients.,Others,,180,6.2,16.0,11.6,0.0,0.0,247.853,0.4,19.6,211.4,0.8,324.9,36.5,2.0,0.016,1.8,0.0,0.0,0.0
chicken sandwich,Chicken Sandwich is a nutritious food rich in essential nutrients.,Meat,,468,30.4,39.1,20.9,2.6,6.8,94.051,1.4,65.5,0.012,0.2,346.0,3.3,0.064,0.077,0.7,1.5,0.031,4.5
fried rice,Fried Rice is a nutritious food rich in essential nutrients.,Grains,,228,6.5,43.4,3.2,1.5,0.6,75.203,0.6,32.2,19.6,1.0,123.2,14.0,1.1,0.076,0.0,0.059,0.2,0.081
pupusas del cerdo,Pupusas Del Cerdo is a nutritious food rich in essential nutrients.,Others,,283,14.0,28.1,12.7,3.2,1.8,119.087,0.5,35.4,59.8,1.2,311.1,46.4,2.0,0.064,0.0,0.0,0.4,0.016
turkey pot pie,Turkey Pot Pie is a nutritious food rich in essential nutrients.,Meat,,699,25.8,70.3,34.9,4.4,0.0,139.4,1.4,63.5,0.0,4.0,0.0,0.0,0.0,0.0,0.0,0.0,0.0,0.0
cheese croissant,Cheese Croissant is a nutritious food rich in essential nutrients.,Dairy,,331,7.4,37.6,16.7,2.1,9.1,108.3,0.3,45.6,42.4,1.7,105.6,19.2,0.8,0.2,0.2,0.0,1.2,0.022
chimichanga with beef,Chimichanga With Beef is a nutritious food rich in essential nutrients.,Meat,,425,19.6,42.8,19.7,0.0,0.0,153.9,0.9,8.7,62.6,4.5,586.4,62.6,5.0,0.0,4.7,0.0,0.0,0.0
french toast with butter,French Toast With Butter is a nutritious food rich in essential nutrients.,Dairy,,178,5.2,18.0,9.4,0.0,0.0,70.093,0.3,58.1,36.5,0.9,88.4,8.1,0.3,0.088,0.004,0.0,0.0,0.0
ham egg cheese sandwich,Ham Egg Cheese Sandwich is a nutritious food rich in essential nutrients.,Dairy,,347,19.2,30.9,16.3,0.0,0.0,284.0,1.0,246.0,211.6,3.1,210.2,25.7,2.0,0.2,2.7,0.0,0.0,0.0
english muffin with butter,English Muffin With Butter is a nutritious food rich in essential nutrients.,Dairy,,189,4.9,30.4,5.8,0.0,0.0,146.209,0.4,12.6,102.7,1.6,69.3,13.2,0.4,0.089,0.8,0.0,0.1,0.0
savoury noodle one pan dinner tandaco,Savoury Noodle One Pan Dinner Tandaco is a nutritious food rich in essential nutrients.,Others,,172,0.0,5.5,1.2,0.0,0.0,6.7,0.0,0.0,0.0,0.0,0.0,0.0,0.0,0.0,0.0,0.0,0.0,0.0
ham cheese sandwich,Ham Cheese Sandwich is a nutritious food rich in essential nutrients.,Dairy,,352,20.7,33.3,15.5,0.0,0.0,205.416,0.8,58.4,129.9,3.2,290.5,16.1,1.4,0.019,2.8,0.0,0.3,0.0
sweet gefilte fish,Sweet Gefilte Fish is a nutritious food rich in essential nutrients.,Seafood,,35,3.8,3.1,0.7,0.0,0.0,18.677,0.2,12.6,9.7,1.0,38.2,3.8,0.3,0.062,0.3,0.0,0.0,0.0
poached egg,Poached Egg is a nutritious food rich in essential nutrients.,Eggs,,72,6.3,0.4,4.7,0.0,0.2,40.398,0.1,185.0,28.0,0.9,69.0,6.0,0.6,0.088,0.0,0.084,0.5,0.032
tostada with beef cheese,Tostada With Beef Cheese is a nutritious food rich in essential nutrients.,Dairy,,315,19.0,22.8,16.3,0.0,0.0,280.498,0.9,40.8,216.8,2.9,572.1,63.6,3.7,0.022,2.6,0.0,0.0,0.0
tostada with beans cheese,Tostada With Beans Cheese is a nutritious food rich in essential nutrients.,Dairy,,223,9.6,26.5,9.9,0.0,0.0,259.467,0.5,30.2,210.2,1.9,403.2,59.0,1.9,0.011,1.3,0.0,0.0,0.0
pork tamale,Pork Tamale is a nutritious food rich in essential nutrients.,Meat,,247,10.4,22.4,12.8,3.4,0.7,156.766,0.7,28.4,106.5,1.2,215.8,36.9,1.7,0.037,0.0,0.0,0.8,0.033
nachos with cheese,Nachos With Cheese is a nutritious food rich in essential nutrients.,Dairy,,274,3.5,27.9,17.2,2.6,1.7,51.581,0.3,2.4,0.05,0.029,158.4,0.6,0.068,0.044,0.2,0.9,0.0,3.3
pulled pork in barbecue sauce,Pulled Pork In Barbecue Sauce is a nutritious food rich in essential nutrients.,Meat,,418,32.8,46.7,11.0,3.0,37.8,206.7,1.7,87.2,109.6,3.1,759.5,54.8,4.6,0.0,0.5,0.064,2.2,0.099
baked potato with cheese sauce,Baked Potato With Cheese Sauce is a nutritious food rich in essential nutrients.,Vegetables,,474,14.6,46.5,28.7,0.0,0.0,429.9,0.4,17.8,310.8,3.0,1166.2,65.1,1.9,0.3,26.0,0.0,0.0,0.0
baked beans,Baked Beans is a nutritious food rich in essential nutrients.,Legumes,,310,11.1,43.3,10.3,11.0,0.0,76.2,0.8,10.0,0.0,0.3,218.0,4.0,0.052,0.0,0.2,2.2,0.0,0.0
arroz con frijoles,Arroz Con Frijoles is a nutritious food rich in essential nutrients.,Others,,220,6.8,35.6,5.6,5.0,1.3,109.3,0.6,0.0,54.0,2.3,327.0,38.0,1.1,0.0,0.0,0.0,0.7,0.096
taco with beef cheese lettuce,Taco With Beef Cheese Lettuce is a nutritious food rich in essential nutrients.,Vegetables,,156,6.1,13.7,8.8,2.7,0.6,93.825,0.3,19.3,61.4,0.8,144.2,22.1,1.2,0.043,0.3,0.06,0.4,0.057
burrito with beans cheese beef,Burrito With Beans Cheese Beef is a nutritious food rich in essential nutrients.,Dairy,,165,7.3,19.8,6.6,0.0,0.0,103.1,0.5,61.9,65.0,1.9,205.0,25.4,1.2,0.0,2.5,0.0,0.0,0.0
egg mix,Egg Mix is a nutritious food rich in essential nutrients.,Eggs,,30,2.4,0.098,2.2,0.0,0.091,4.876,0.012,81.5,0.078,0.055,31.5,0.4,0.043,0.078,0.034,0.0,0.049,0.2
falafel,Falafel is a nutritious food rich in essential nutrients.,Others,,57,2.3,5.4,3.0,0.0,0.0,10.763,0.081,0.0,0.0,0.002,32.6,0.6,0.018,0.0,0.01,0.3,0.0,0.0
taco salad with chili con carne,Taco Salad With Chili Con Carne is a nutritious food rich in essential nutrients.,Others,,193,11.6,17.7,8.8,0.0,0.0,205.9,0.6,3.5,163.6,1.8,261.0,34.8,2.2,0.1,2.3,0.0,0.0,0.0
wonton wrappers,Wonton Wrappers is a nutritious food rich in essential nutrients.,Others,,93,3.1,18.5,0.5,0.6,0.0,38.815,0.2,2.9,15.0,1.1,26.2,6.4,0.2,0.097,0.0,0.0,0.0,0.0
hushpuppies,Hushpuppies is a nutritious food rich in essential nutrients.,Others,,512,11.7,69.9,20.5,4.3,3.1,533.994,1.0,68.4,422.6,4.6,218.9,36.5,1.0,0.074,0.3,0.0,1.9,0.01
chicken pot pie,Chicken Pot Pie is a nutritious food rich in essential nutrients.,Meat,,598,14.6,57.3,34.6,3.0,7.2,177.7,1.2,51.3,63.4,1.8,317.1,33.2,1.3,0.0,3.0,0.024,1.1,0.034
general tsos chicken,General Tsos Chicken is a nutritious food rich in essential nutrients.,Meat,,1578,69.0,128.3,87.5,4.8,62.1,368.673,2.3,283.6,64.2,6.2,1075.4,96.3,7.0,0.081,8.6,0.015,6.5,0.2
burrito with beans cheese,Burrito With Beans Cheese is a nutritious food rich in essential nutrients.,Dairy,,379,13.6,57.8,11.2,7.8,3.2,324.946,1.0,9.3,229.4,4.4,482.9,62.9,1.6,0.033,0.7,0.02,1.0,0.02
vegetarian fillets,Vegetarian Fillets is a nutritious food rich in essential nutrients.,Others,,247,19.6,7.7,15.3,5.2,0.7,130.3,0.4,0.0,80.8,1.7,510.0,19.6,1.2,0.0,0.0,0.0,2.9,0.0
biscuit with egg sausage,Biscuit With Egg Sausage is a nutritious food rich in essential nutrients.,Eggs,,505,18.0,34.1,33.6,0.3,1.5,171.757,1.1,260.8,82.6,3.1,241.4,21.1,1.5,0.071,0.0,0.047,1.5,0.042
chicken chow mein,Chicken Chow Mein is a nutritious food rich in essential nutrients.,Meat,,513,40.8,50.1,16.9,6.0,10.5,256.797,1.9,96.6,126.8,4.0,749.0,66.4,1.9,0.093,12.1,0.0,2.6,0.1
fruit burrito,Fruit Burrito is a nutritious food rich in essential nutrients.,Others,,231,2.5,35.0,9.5,0.0,0.0,64.3,0.2,3.7,15.5,1.1,104.3,7.4,0.4,0.0,0.7,0.0,0.0,0.0
arroz con leche,Arroz Con Leche is a nutritious food rich in essential nutrients.,Others,,369,8.1,63.0,9.3,1.3,38.6,310.0,0.3,20.2,227.7,0.6,359.3,27.8,1.3,0.0,0.0,0.0,0.5,0.0
caramel custard flan,Caramel Custard Flan is a nutritious food rich in essential nutrients.,Others,,444,13.9,69.7,12.3,0.0,70.8,351.2,0.2,275.4,254.0,1.2,361.1,27.5,1.4,0.1,0.0,0.0,0.7,0.081
gelatin dessert,Gelatin Dessert is a nutritious food rich in essential nutrients.,Others,,167,3.3,38.3,0.0,0.0,36.4,49.792,0.2,0.0,8.1,0.094,2.7,2.7,0.014,0.0,0.0,0.0,0.0,0.0
chocolate milk dessert,Chocolate Milk Dessert is a nutritious food rich in essential nutrients.,Dairy,,229,5.9,51.6,1.4,0.0,51.6,270.99,0.1,0.0,211.0,0.02,456.2,61.7,0.6,0.0,1.0,0.0,0.0,0.0
chocolate mousse,Chocolate Mousse is a nutritious food rich in essential nutrients.,Others,,338,6.2,24.1,24.0,0.9,22.2,200.4,0.081,210.0,144.0,0.8,214.5,30.0,1.0,0.2,0.2,0.0,0.8,0.044
dulce de leche,Dulce De Leche is a nutritious food rich in essential nutrients.,Others,,60,1.3,10.5,1.4,0.0,9.5,61.415,0.036,5.5,47.7,0.001,66.5,4.2,0.2,0.094,0.5,0.04,0.087,0.008
apple crisp,Apple Crisp is a nutritious food rich in essential nutrients.,Fruits,,454,4.9,87.0,9.7,3.9,55.5,212.724,1.0,0.0,98.7,2.3,220.0,22.6,0.5,0.001,6.2,0.0,1.1,0.056
spinach spaghetti cooked,Spinach Spaghetti Cooked is a nutritious food rich in essential nutrients.,Vegetables,,182,6.4,36.6,0.9,0.0,0.0,87.4,0.061,0.0,42.0,1.5,81.2,86.8,1.5,0.0,0.0,0.0,0.0,0.0
corn pasta cooked,Corn Pasta Cooked is a nutritious food rich in essential nutrients.,Grains,,176,3.7,39.1,1.0,6.7,0.0,52.3,0.0,0.0,1.4,0.4,43.4,50.4,0.9,0.0,0.0,0.0,0.0,0.0
spaghetti with meat sauce,Spaghetti With Meat Sauce is a nutritious food rich in essential nutrients.,Others,,255,14.3,43.1,2.9,5.1,7.4,135.1,0.7,17.0,50.9,3.5,407.5,42.5,1.4,0.0,15.3,0.0,1.4,0.002
pasta with meatballs in tomato sauce,Pasta With Meatballs In Tomato Sauce is a nutritious food rich in essential nutrients.,Vegetables,,273,10.6,28.3,13.0,6.9,7.2,100.474,0.7,23.0,30.6,3.3,359.6,35.7,1.5,0.052,7.7,0.061,2.0,0.027
cheese tortellini,Cheese Tortellini is a nutritious food rich in essential nutrients.,Dairy,,332,14.6,50.8,7.8,2.1,1.0,241.181,0.4,45.4,164.2,1.6,96.1,22.7,1.1,0.079,0.0,0.0,0.2,0.087
pasta with sliced franks in tomato sauce,Pasta With Sliced Franks In Tomato Sauce is a nutritious food rich in essential nutrients.,Vegetables,,227,11.0,32.0,6.0,4.0,8.0,216.154,0.7,22.7,151.2,2.3,481.3,35.3,1.3,0.054,9.6,0.07,1.9,0.072
lasagna,Lasagna is a nutritious food rich in essential nutrients.,Others,,166,9.0,18.9,6.1,2.1,3.8,36.675,0.5,20.9,0.08,0.1,141.5,0.9,0.001,0.2,0.2,3.1,0.0,1.0
macaroni cheese,Macaroni Cheese is a nutritious food rich in essential nutrients.,Dairy,,310,12.6,43.7,9.4,2.3,3.0,68.319,0.9,15.1,0.0,0.1,442.3,2.2,0.0,0.2,0.056,0.0,0.0,1.0
vegetable lasagna,Vegetable Lasagna is a nutritious food rich in essential nutrients.,Others,,316,15.6,32.2,13.7,4.3,5.8,410.066,1.0,31.8,340.5,1.2,385.9,47.7,2.0,0.052,2.5,0.0,1.0,0.082
spinach egg noodles cooked,Spinach Egg Noodles Cooked is a nutritious food rich in essential nutrients.,Vegetables,,211,8.1,38.8,2.5,3.7,1.1,85.297,0.068,52.8,30.4,1.7,59.2,38.4,1.0,0.037,0.0,0.053,0.9,0.2
cheese lasagna,Cheese Lasagna is a nutritious food rich in essential nutrients.,Dairy,,316,15.9,33.6,13.0,4.1,10.3,381.08,0.7,31.6,269.7,3.1,442.3,51.0,2.2,0.084,41.6,0.0,2.1,0.097
pasta with tomato sauce,Pasta With Tomato Sauce is a nutritious food rich in essential nutrients.,Vegetables,,176,5.6,35.1,1.8,2.3,10.1,45.091,1.0,15.1,0.083,0.1,98.3,2.3,0.065,0.071,0.1,0.0,0.0,1.6
spinach pasta cooked,Spinach Pasta Cooked is a nutritious food rich in essential nutrients.,Vegetables,,37,1.4,7.1,0.3,0.0,0.0,14.201,0.004,9.3,5.1,0.3,10.5,6.8,0.2,0.039,0.0,0.0,0.0,0.0
vegetable chicken soup,Vegetable Chicken Soup is a nutritious food rich in essential nutrients.,Meat,,166,12.3,21.1,4.8,1.0,3.4,72.737,0.075,16.9,26.5,1.5,368.7,9.6,2.2,0.05,5.5,0.0,0.7,0.054
bean ham soup,Bean Ham Soup is a nutritious food rich in essential nutrients.,Meat,,198,10.3,33.5,2.5,9.8,7.8,154.4,0.5,4.9,93.1,2.5,387.1,46.6,1.3,0.0,2.7,0.0,1.0,0.035
cream of chicken soup,Cream Of Chicken Soup is a nutritious food rich in essential nutrients.,Dairy,,227,6.0,18.0,14.5,0.0,1.4,76.9,1.8,20.2,35.3,2.7,123.5,10.1,0.7,0.1,0.3,0.0,1.4,0.052
tomato soup canned,Tomato Soup Canned is a nutritious food rich in essential nutrients.,Vegetables,,139,6.3,22.6,3.3,1.5,16.5,224.932,0.5,10.1,173.9,1.4,461.2,30.2,0.9,0.014,15.9,0.07,0.5,0.083
egg drop soup,Egg Drop Soup is a nutritious food rich in essential nutrients.,Eggs,,65,2.8,10.3,1.5,1.0,0.2,48.808,0.9,55.4,16.9,0.6,53.0,4.8,0.2,0.002,15.7,0.08,0.3,0.041
scotch broth,Scotch Broth is a nutritious food rich in essential nutrients.,Others,,197,12.1,23.0,6.4,3.0,0.0,84.4,2.1,11.9,35.8,2.0,387.4,8.9,3.9,0.0,2.1,0.0,0.2,0.0
cream of onion soup,Cream Of Onion Soup is a nutritious food rich in essential nutrients.,Vegetables,,268,6.7,31.7,12.8,1.2,11.1,139.473,1.9,36.6,82.4,1.5,298.9,15.3,0.4,0.08,3.1,0.0,1.3,0.035
chicken broth dry,Chicken Broth Dry is a nutritious food rich in essential nutrients.,Meat,,10,0.7,1.1,0.2,0.0,0.0,11.198,1.2,0.6,9.1,0.059,18.0,2.7,0.079,0.0,0.07,0.0,0.074,0.0
vegetable soup with beef broth,Vegetable Soup With Beef Broth is a nutritious food rich in essential nutrients.,Meat,,162,6.0,26.3,3.8,3.2,4.0,80.5,1.3,2.5,34.4,1.9,386.2,12.3,1.6,0.2,4.7,0.0,0.3,0.065
chili with beans canned,Chili With Beans Canned is a nutritious food rich in essential nutrients.,Legumes,,287,14.6,30.5,14.1,11.3,3.0,204.0,1.3,43.5,120.3,8.8,934.4,115.2,5.1,0.0,4.4,0.0,1.3,0.074
beef noodle soup,Beef Noodle Soup is a nutritious food rich in essential nutrients.,Meat,,168,9.6,17.9,6.2,1.5,5.2,68.232,1.6,10.0,30.0,2.2,197.5,12.5,3.1,0.037,0.8,0.0,2.5,0.02
consomme dry,Consomme Dry is a nutritious food rich in essential nutrients.,Others,,17,2.2,1.9,0.2,0.0,1.1,17.2,0.8,0.0,12.5,0.2,57.3,7.5,0.082,0.0,0.2,0.0,0.033,0.0
chicken mushroom soup,Chicken Mushroom Soup is a nutritious food rich in essential nutrients.,Vegetables,,126,2.0,15.1,6.1,4.0,1.0,57.171,0.8,10.1,29.0,0.9,158.8,8.8,1.0,0.04,0.0,0.0,0.8,0.061
beef vegetable soup,Beef Vegetable Soup is a nutritious food rich in essential nutrients.,Meat,,120,8.0,15.4,2.9,3.0,3.1,84.9,0.8,17.5,45.0,1.3,435.0,25.0,1.4,0.3,9.0,0.0,1.1,0.04
black bean soup,Black Bean Soup is a nutritious food rich in essential nutrients.,Legumes,,234,12.4,39.6,3.4,17.5,6.4,167.3,2.5,0.0,90.0,3.9,642.5,84.8,2.8,0.0,0.5,0.0,0.9,0.035
split pea soup with ham bacon,Split Pea Soup With Ham Bacon is a nutritious food rich in essential nutrients.,Meat,,189,11.6,28.6,3.1,4.1,0.0,49.5,1.0,4.1,0.0,2.1,0.0,0.0,0.0,0.0,0.0,0.0,0.0,0.0
cream of mushroom soup,Cream Of Mushroom Soup is a nutritious food rich in essential nutrients.,Vegetables,,199,3.4,17.1,13.4,1.8,1.0,66.404,1.7,0.0,30.2,0.5,161.3,7.6,0.3,0.057,0.0,0.071,1.3,0.024
green pea soup,Green Pea Soup is a nutritious food rich in essential nutrients.,Legumes,,320,16.7,51.7,5.7,10.0,16.7,145.005,1.7,0.0,53.8,3.8,371.2,76.8,3.3,0.067,3.3,0.0,0.5,0.024
chicken broth soup,Chicken Broth Soup is a nutritious food rich in essential nutrients.,Meat,,78,11.1,1.9,2.6,0.0,0.9,31.7,1.6,2.5,15.1,1.0,428.4,5.0,0.5,0.0,0.0,0.0,0.048,0.0
chicken mushroom chowder soup,Chicken Mushroom Chowder Soup is a nutritious food rich in essential nutrients.,Vegetables,,431,16.2,38.3,23.7,7.5,0.0,99.1,1.8,32.3,0.0,2.6,0.0,0.0,0.0,0.0,10.8,0.0,0.0,0.0
chicken dumplings soup,Chicken Dumplings Soup is a nutritious food rich in essential nutrients.,Meat,,235,13.6,14.7,13.4,1.2,1.4,80.269,1.8,80.5,35.8,1.5,283.1,8.9,0.9,0.077,0.0,0.0,1.3,0.086
chicken vegetable soup,Chicken Vegetable Soup is a nutritious food rich in essential nutrients.,Meat,,148,7.1,17.0,5.6,1.7,3.0,68.983,1.7,16.9,33.9,1.7,304.9,12.1,0.7,0.028,1.9,0.0,0.6,0.036
turkey vegetable soup,Turkey Vegetable Soup is a nutritious food rich in essential nutrients.,Meat,,72,3.1,8.6,3.0,0.5,2.6,33.0,0.9,2.4,16.9,0.8,175.9,4.8,0.6,0.1,0.0,0.0,0.8,0.017
wonton soup,Wonton Soup is a nutritious food rich in essential nutrients.,Others,,71,4.6,11.7,0.6,0.4,0.8,30.692,0.9,8.9,11.2,0.5,71.4,6.7,0.3,0.043,1.6,0.0,0.1,0.058
beef stock,Beef Stock is a nutritious food rich in essential nutrients.,Meat,,31,4.7,2.9,0.2,0.0,1.3,27.6,0.5,0.0,19.2,0.6,444.0,16.8,0.4,0.0,0.0,0.0,0.048,0.024
mushroom barley soup,Mushroom Barley Soup is a nutritious food rich in essential nutrients.,Vegetables,,186,4.6,29.3,5.5,0.0,0.0,71.1,1.7,0.0,30.5,1.2,231.8,21.4,1.2,0.0,0.0,0.0,0.0,0.0
gazpacho soup,Gazpacho Soup is a nutritious food rich in essential nutrients.,Others,,70,10.7,6.6,0.4,0.7,2.2,67.5,1.1,0.0,36.9,1.5,339.5,11.1,0.4,0.0,10.7,0.0,0.7,0.041
beef mushroom soup,Beef Mushroom Soup is a nutritious food rich in essential nutrients.,Vegetables,,186,14.0,15.9,7.3,0.6,0.0,52.1,2.2,15.3,12.2,2.1,384.3,21.4,3.4,0.0,0.0,0.0,0.0,0.0
chicken rice soup,Chicken Rice Soup is a nutritious food rich in essential nutrients.,Meat,,127,12.3,13.0,3.2,1.0,1.4,68.818,0.9,12.0,33.6,1.9,108.0,9.6,1.0,0.047,3.8,0.0,0.6,0.084
pepperpot soup,Pepperpot Soup is a nutritious food rich in essential nutrients.,Vegetables,,100,6.2,9.1,4.5,0.5,0.0,49.1,0.9,9.7,26.7,0.9,148.2,4.9,1.2,0.0,1.2,0.0,0.097,0.0
vegetable soup,Vegetable Soup is a nutritious food rich in essential nutrients.,Others,,149,4.3,24.6,4.0,1.3,7.9,82.2,1.3,0.0,42.8,2.2,430.9,15.1,1.0,0.0,3.0,0.0,2.9,0.041
chili beef soup,Chili Beef Soup is a nutritious food rich in essential nutrients.,Meat,,308,13.4,49.6,6.7,6.6,13.4,77.607,2.1,26.3,0.072,0.8,297.2,4.3,0.001,0.2,0.3,8.2,0.0,2.8
chicken soup,Chicken Soup is a nutritious food rich in essential nutrients.,Meat,,174,12.4,16.9,6.5,1.5,2.1,64.716,0.9,29.4,24.5,1.7,171.5,7.4,1.0,0.027,1.2,0.0,0.3,0.085
bean with frankfurters soup,Bean With Frankfurters Soup is a nutritious food rich in essential nutrients.,Legumes,,188,10.0,22.0,7.0,0.0,0.0,129.9,1.1,12.5,87.5,2.4,477.5,47.5,1.2,0.0,1.0,0.0,0.0,0.0
pea soup,Pea Soup is a nutritious food rich in essential nutrients.,Legumes,,161,8.3,25.6,2.8,4.9,8.3,76.26,0.015,0.0,31.1,1.9,183.9,38.9,1.7,0.055,1.6,0.0,0.2,0.066
turkey soup,Turkey Soup is a nutritious food rich in essential nutrients.,Meat,,135,10.2,14.1,4.4,0.0,0.0,86.6,0.9,9.4,49.6,1.9,361.1,23.6,2.1,0.0,6.4,0.0,0.0,0.0
stockpot soup,Stockpot Soup is a nutritious food rich in essential nutrients.,Others,,201,9.8,23.1,7.8,0.0,0.0,90.5,2.1,7.7,43.9,1.8,477.3,7.7,2.3,0.0,4.1,0.0,0.0,0.0
hot sour soup,Hot Sour Soup is a nutritious food rich in essential nutrients.,Others,,91,6.0,10.1,2.8,1.2,1.0,65.954,0.9,48.9,44.3,1.5,128.2,21.0,0.5,0.088,0.0,0.017,0.9,0.059
cheese soup,Cheese Soup is a nutritious food rich in essential nutrients.,Dairy,,203,2.0,28.0,9.7,5.5,9.3,135.1,1.7,7.4,89.3,0.4,91.8,29.8,0.4,0.2,0.0,0.0,1.4,0.074
cream of potato soup,Cream Of Potato Soup is a nutritious food rich in essential nutrients.,Vegetables,,186,3.8,32.2,4.7,3.3,3.6,88.202,1.5,2.5,42.8,0.9,415.8,32.8,0.4,0.087,0.5,0.0,0.2,0.056
bean with bacon soup,Bean With Bacon Soup is a nutritious food rich in essential nutrients.,Meat,,106,5.5,16.4,2.1,9.0,0.6,91.1,0.9,2.7,55.7,1.3,326.0,29.2,0.7,0.0,1.1,0.0,0.6,0.009
fish stock,Fish Stock is a nutritious food rich in essential nutrients.,Seafood,,40,5.3,0.0,1.9,0.0,0.0,14.488,0.4,2.3,7.0,0.019,335.5,16.3,0.1,0.036,0.2,0.0,0.4,0.0
split pea soup with ham,Split Pea Soup With Ham is a nutritious food rich in essential nutrients.,Meat,,381,20.7,56.2,8.9,4.6,0.0,141.2,1.7,16.2,43.2,4.6,801.9,97.2,2.7,0.0,3.0,0.0,0.0,0.0
beef broth soup,Beef Broth Soup is a nutritious food rich in essential nutrients.,Meat,,17,2.7,0.01,0.5,0.0,0.0,18.049,0.9,0.0,14.4,0.4,129.6,4.8,0.0,0.0,0.0,0.0,0.0,0.0
lentil soup with ham,Lentil Soup With Ham is a nutritious food rich in essential nutrients.,Meat,,139,9.3,20.2,2.8,0.0,0.0,81.4,1.3,7.4,42.2,2.7,357.1,22.3,0.7,0.0,4.2,0.0,0.0,0.0
tomato soup,Tomato Soup is a nutritious food rich in essential nutrients.,Vegetables,,98,2.2,22.5,0.7,1.6,12.2,66.2,0.6,0.0,19.2,0.9,831.8,20.7,0.3,0.0,19.1,0.0,0.5,0.034
fish broth,Fish Broth is a nutritious food rich in essential nutrients.,Seafood,,39,4.9,1.0,1.5,0.0,0.2,81.193,0.5,0.0,73.2,0.5,209.8,2.4,0.2,0.068,0.0,0.0,0.4,0.094
chili without beans canned,Chili Without Beans Canned is a nutritious food rich in essential nutrients.,Legumes,,283,18.1,14.6,17.0,0.0,0.0,130.8,0.9,50.4,72.0,4.8,444.0,48.0,2.7,0.0,4.3,0.0,0.0,0.0
minestrone soup,Minestrone Soup is a nutritious food rich in essential nutrients.,Others,,167,8.6,22.6,5.0,2.0,3.7,111.1,1.3,2.5,68.9,1.8,627.3,14.8,1.5,0.0,2.2,0.0,1.1,0.052
clam chowder soup,Clam Chowder Soup is a nutritious food rich in essential nutrients.,Others,,154,4.4,24.5,4.4,3.0,6.8,95.69,1.8,5.0,47.9,3.3,378.0,20.2,1.9,0.051,8.1,0.0,2.6,0.011
tomato vegetable soup,Tomato Vegetable Soup is a nutritious food rich in essential nutrients.,Vegetables,,54,1.9,9.9,0.8,0.7,2.4,36.4,0.3,0.0,19.6,0.6,164.2,9.8,0.2,0.0,2.9,0.0,0.4,0.079
cream of rice coup,Cream Of Rice Coup is a nutritious food rich in essential nutrients.,Dairy,,127,2.2,28.1,0.2,0.2,0.022,38.5,0.4,0.0,7.3,0.5,48.8,7.3,0.4,0.0,0.0,0.0,0.092,0.0
cream of celery soup,Cream Of Celery Soup is a nutritious food rich in essential nutrients.,Vegetables,,181,3.3,17.7,11.2,1.5,3.4,116.189,1.3,27.7,80.6,1.3,247.0,12.6,0.3,0.042,0.5,0.0,3.5,0.002
chicken gravy,Chicken Gravy is a nutritious food rich in essential nutrients.,Meat,,188,4.6,12.9,13.6,1.0,1.9,80.872,1.0,4.8,47.6,1.1,259.4,4.8,1.9,0.088,0.0,0.0,0.3,0.046
tomato rice soup,Tomato Rice Soup is a nutritious food rich in essential nutrients.,Vegetables,,240,4.2,44.1,5.5,3.4,15.2,134.933,1.6,2.6,46.4,1.6,663.1,10.3,1.0,0.042,29.7,0.0,4.5,0.081
vegetable beef soup,Vegetable Beef Soup is a nutritious food rich in essential nutrients.,Meat,,128,18.1,9.6,2.0,4.4,0.0,34.1,1.1,8.8,0.0,0.0,0.0,0.0,0.0,0.0,0.0,0.0,0.0,0.0
tomato beef noodle soup,Tomato Beef Noodle Soup is a nutritious food rich in essential nutrients.,Vegetables,,281,8.9,42.3,8.6,3.0,0.0,100.1,1.8,7.5,35.1,2.2,441.8,15.1,1.5,0.0,0.0,0.0,1.6,0.0
oyster stew soup,Oyster Stew Soup is a nutritious food rich in essential nutrients.,Others,,118,4.2,8.2,7.7,0.0,0.0,72.8,1.8,27.1,44.3,2.0,98.4,9.8,20.7,0.0,6.4,0.0,0.0,0.0
ramen noodle soup dry,Ramen Noodle Soup Dry is a nutritious food rich in essential nutrients.,Others,,371,8.9,53.9,13.3,2.0,1.3,106.5,1.7,0.0,24.7,3.4,152.2,19.6,0.7,0.0,0.3,0.0,1.3,0.038
chicken noodle soup,Chicken Noodle Soup is a nutritious food rich in essential nutrients.,Meat,,145,7.2,18.4,4.7,2.7,0.0,33.513,2.1,24.2,0.0,0.4,115.1,2.0,0.095,0.029,0.1,0.0,0.0,0.2
chicken bouillon dry,Chicken Bouillon Dry is a nutritious food rich in essential nutrients.,Meat,,11,0.7,0.7,0.6,0.0,0.7,9.502,1.0,0.5,7.5,0.061,12.4,2.2,0.083,0.0,0.048,0.0,0.06,0.0
cream of asparagus soup,Cream Of Asparagus Soup is a nutritious food rich in essential nutrients.,Dairy,,174,4.6,21.5,8.2,1.0,1.8,100.43,1.7,10.1,58.0,1.6,347.8,7.6,1.8,0.091,5.5,0.0,1.2,0.01
turkey noodle soup,Turkey Noodle Soup is a nutritious food rich in essential nutrients.,Meat,,139,7.8,17.3,4.0,1.5,1.0,55.582,1.6,10.1,22.7,1.9,151.2,10.1,1.2,0.082,0.3,0.0,0.4,0.062
cream of shrimp soup,Cream Of Shrimp Soup is a nutritious food rich in essential nutrients.,Dairy,,181,5.6,16.5,10.4,0.5,0.0,69.41,1.7,32.8,35.3,1.1,118.4,17.6,1.5,0.026,0.0,0.0,0.0,0.0
bean with pork soup,Bean With Pork Soup is a nutritious food rich in essential nutrients.,Meat,,335,15.3,44.1,11.5,15.3,7.8,249.324,1.7,5.2,156.0,4.0,975.0,85.8,2.0,0.021,3.1,0.0,2.3,0.011
chicken broth,Chicken Broth is a nutritious food rich in essential nutrients.,Meat,,12,1.0,1.0,0.5,0.0,0.0,33.6,0.9,0.0,14.1,0.5,188.0,2.4,0.2,0.0,16.5,0.0,0.0,0.0
beef broth powder,Beef Broth Powder is a nutritious food rich in essential nutrients.,Meat,,8,0.6,0.6,0.3,0.0,0.6,3.739,0.9,0.4,2.2,0.03,16.1,1.8,0.0,0.0,0.0,0.0,0.068,0.016
split pea soup,Split Pea Soup is a nutritious food rich in essential nutrients.,Legumes,,180,9.7,29.9,2.3,4.8,12.8,91.6,0.4,5.1,43.0,1.9,463.0,35.4,1.0,0.0,0.0,0.0,0.5,0.022
escarole soup,Escarole Soup is a nutritious food rich in essential nutrients.,Others,,61,3.4,4.0,4.0,0.0,0.0,95.0,2.3,5.5,71.9,1.7,591.7,11.1,5.0,0.0,10.0,0.0,0.0,0.0
chicken stock,Chicken Stock is a nutritious food rich in essential nutrients.,Meat,,86,6.0,8.5,2.9,0.0,3.8,25.696,0.3,7.2,7.2,0.5,252.0,9.6,0.3,0.009,0.5,0.0,0.046,0.081
tomato bisque soup,Tomato Bisque Soup is a nutritious food rich in essential nutrients.,Vegetables,,248,4.5,47.7,5.0,2.1,0.0,152.913,1.8,10.3,80.0,1.7,838.5,18.1,1.2,0.017,11.9,0.0,0.0,0.0
shark fin soup,Shark Fin Soup is a nutritious food rich in essential nutrients.,Others,,99,6.9,8.2,4.3,0.0,0.0,43.2,1.1,4.3,21.6,2.0,114.5,15.1,1.8,0.0,0.2,0.0,0.0,0.0
onion soup,Onion Soup is a nutritious food rich in essential nutrients.,Vegetables,,113,7.5,16.4,3.5,1.7,6.7,87.173,1.3,0.0,54.1,1.4,137.8,4.9,1.2,0.02,2.5,0.0,0.5,0.088
chicken gumbo soup,Chicken Gumbo Soup is a nutritious food rich in essential nutrients.,Meat,,113,5.3,16.8,2.9,4.0,4.9,88.8,1.7,7.6,47.9,1.8,151.2,7.6,0.8,0.0,10.1,0.0,0.9,0.024
crab soup,Crab Soup is a nutritious food rich in essential nutrients.,Seafood,,95,10.4,12.5,0.8,2.4,0.0,120.3,0.6,41.5,83.0,1.9,434.3,41.5,1.9,0.0,9.3,0.0,0.0,0.041
tripe soup,Tripe Soup is a nutritious food rich in essential nutrients.,Others,,148,17.2,8.1,5.2,0.0,0.0,75.9,0.8,118.0,44.0,1.4,162.0,20.0,2.1,0.0,0.0,0.0,0.8,0.031
little india little lunch,Little India Little Lunch is a nutritious food rich in essential nutrients.,Others,,164,0.0,2.0,10.6,0.0,0.0,12.6,0.0,0.0,0.0,0.0,0.0,0.0,0.0,0.0,0.0,0.0,0.0,0.0
original chicken sandwich chick fil a,Original Chicken Sandwich Chick Fil A is a nutritious food rich in essential nutrients.,Meat,,125,0.0,0.0,5.1,0.0,0.0,5.1,0.0,0.0,0.0,0.0,0.0,0.0,0.0,0.0,0.0,0.0,0.0,0.0
sausage mcmuffin mcdonalds,Sausage Mcmuffin Mcdonalds is a nutritious food rich in essential nutrients.,Others,,383,14.6,28.2,24.2,1.6,2.2,328.5,0.8,44.9,257.6,2.3,216.2,24.2,1.5,0.0,0.0,0.0,0.3,0.0
sausage mcgriddles mcdonalds,Sausage Mcgriddles Mcdonalds is a nutritious food rich in essential nutrients.,Others,,421,11.4,42.2,24.0,1.4,15.2,166.0,1.0,32.4,85.1,1.9,195.8,18.9,1.0,0.0,0.0,0.0,0.0,0.0
crispy chicken drumstick kentucky fried chicken,Crispy Chicken Drumstick Kentucky Fried Chicken is a nutritious food rich in essential nutrients.,Meat,,70,10.6,0.0,3.0,0.0,0.0,20.632,0.2,56.2,6.6,0.4,111.9,9.4,1.0,0.025,0.0,0.0,0.0,0.0
chicken crispy drumsticks kentucky fried chicken,Chicken Crispy Drumsticks Kentucky Fried Chicken is a nutritious food rich in essential nutrients.,Meat,,156,11.8,4.5,10.1,0.0,0.0,41.248,0.4,62.1,14.3,0.5,135.1,12.0,1.0,0.071,0.0,0.0,0.0,0.0
biscuit kentucky fried chicken,Biscuit Kentucky Fried Chicken is a nutritious food rich in essential nutrients.,Meat,,185,3.8,22.1,9.1,0.8,1.7,68.5,0.5,0.5,31.2,1.5,59.8,7.8,0.3,0.0,0.0,0.0,0.7,0.071
english muffin mcdonalds,English Muffin Mcdonalds is a nutritious food rich in essential nutrients.,Others,,97,5.7,2.9,2.3,0.2,1.5,24.548,0.031,20.7,0.08,13.1,0.0,0.3,0.0,0.3,0.0,0.3,0.0,166.4
french fries mcdonalds,French Fries Mcdonalds is a nutritious food rich in essential nutrients.,Others,,378,4.0,49.8,18.1,4.6,0.2,77.129,0.2,0.0,0.003,0.1,148.6,0.9,0.07,0.052,0.4,6.6,0.0,1.6
hotdog,Hotdog is a nutritious food rich in essential nutrients.,Others,,383,16.4,28.5,23.0,0.0,0.0,109.0,1.1,69.8,37.2,3.7,226.3,20.2,3.1,0.0,0.2,0.0,0.0,0.0
french fries burger king,French Fries Burger King is a nutritious food rich in essential nutrients.,Others,,207,2.4,28.6,9.2,2.1,0.4,42.635,0.2,0.0,0.083,0.005,88.1,0.5,0.0,0.085,0.2,1.6,0.0,1.8
original taco with beef cheese lettuce taco bell,Original Taco With Beef Cheese Lettuce Taco Bell is a nutritious food rich in essential nutrients.,Vegetables,,158,6.1,13.7,8.8,2.7,0.6,93.8,0.3,19.3,61.4,0.8,144.2,22.1,1.2,0.0,0.3,0.0,0.4,0.068
hotdog with chili,Hotdog With Chili is a nutritious food rich in essential nutrients.,Others,,296,13.5,31.3,13.4,0.0,0.0,83.6,0.5,51.3,19.4,3.3,166.4,10.3,0.8,0.0,2.7,0.0,0.0,0.0
chicken crispy wings kentucky fried chicken,Chicken Crispy Wings Kentucky Fried Chicken is a nutritious food rich in essential nutrients.,Meat,,148,9.2,5.1,10.1,0.0,0.0,40.161,0.3,47.1,15.4,0.3,98.1,9.7,0.5,0.033,0.0,0.0,0.0,0.0
egg white delight mcdonalds,Egg White Delight Mcdonalds is a nutritious food rich in essential nutrients.,Eggs,,250,0.0,0.0,16.0,0.0,0.0,16.0,0.0,0.0,0.0,0.0,0.0,0.0,0.0,0.0,0.0,0.0,0.0,0.0
french toast sticks burger king,French Toast Sticks Burger King is a nutritious food rich in essential nutrients.,Others,,73,1.3,8.7,3.7,0.3,2.1,25.5,0.014,0.0,11.1,0.4,23.3,4.0,0.1,0.0,0.0,0.0,0.2,0.009
mcchicken mcdonalds,Mcchicken Mcdonalds is a nutritious food rich in essential nutrients.,Meat,,358,13.7,36.6,17.3,1.7,4.7,69.5,0.8,35.4,0.0,0.1,182.1,2.3,0.0,0.1,0.0,0.0,0.0,0.0
nachos supreme taco bell,Nachos Supreme Taco Bell is a nutritious food rich in essential nutrients.,Others,,480,14.8,45.0,26.6,8.0,0.0,241.0,0.8,37.1,142.4,4.2,471.9,89.7,2.7,0.0,0.0,0.0,1.4,0.074
crispy chicken wing kentucky fried chicken,Crispy Chicken Wing Kentucky Fried Chicken is a nutritious food rich in essential nutrients.,Meat,,104,12.6,1.3,5.3,0.0,0.0,32.851,0.3,64.2,13.2,0.4,116.6,11.0,0.8,0.019,0.0,0.0,0.0,0.0
chicken strips burger king,Chicken Strips Burger King is a nutritious food rich in essential nutrients.,Meat,,105,6.6,7.4,5.5,0.5,0.0,20.168,0.3,15.8,0.046,0.005,104.8,0.2,0.07,0.055,0.1,0.4,0.0,1.4
crispy chicken breast kentucky fried chicken,Crispy Chicken Breast Kentucky Fried Chicken is a nutritious food rich in essential nutrients.,Meat,,214,38.2,0.4,6.7,0.0,0.0,74.065,0.7,121.8,28.0,0.7,432.6,39.2,1.2,0.061,0.0,0.0,0.0,0.0
sausage biscuit mcdonalds,Sausage Biscuit Mcdonalds is a nutritious food rich in essential nutrients.,Others,,440,11.3,31.8,29.7,1.4,2.3,141.05,1.0,33.9,64.4,2.4,207.1,15.2,1.0,0.049,0.0,0.0,0.9,0.0
sausage burrito mcdonalds,Sausage Burrito Mcdonalds is a nutritious food rich in essential nutrients.,Others,,339,13.0,24.2,17.1,1.2,1.4,261.627,0.8,172.9,203.4,1.8,154.8,19.2,1.3,0.004,0.9,0.0,0.2,0.0
onion rings fried,Onion Rings Fried is a nutritious food rich in essential nutrients.,Vegetables,,27,0.3,2.8,1.6,0.2,0.4,12.551,0.015,0.0,7.5,0.038,10.9,1.2,0.007,0.0,0.055,0.0,0.3,0.0
onion rings burger king,Onion Rings Burger King is a nutritious food rich in essential nutrients.,Vegetables,,379,3.5,39.7,23.0,2.5,4.9,175.4,0.7,0.0,104.7,0.7,152.0,17.3,0.5,0.0,1.3,0.0,4.5,0.0
turkey patty fried,Turkey Patty Fried is a nutritious food rich in essential nutrients.,Meat,,79,3.9,4.4,5.0,0.1,0.053,17.934,0.2,21.0,3.9,0.6,77.0,4.2,0.4,0.088,0.0,0.078,0.3,0.074
hotcakes with syrup mcdonalds,Hotcakes With Syrup Mcdonalds is a nutritious food rich in essential nutrients.,Others,,601,9.0,101.8,17.8,2.0,45.5,259.4,0.6,19.9,126.0,2.8,276.3,28.7,0.6,0.0,0.0,0.0,0.0,0.0
crispy chicken thigh kentucky fried chicken,Crispy Chicken Thigh Kentucky Fried Chicken is a nutritious food rich in essential nutrients.,Meat,,163,20.4,0.0,9.1,0.0,0.0,49.591,0.5,107.4,19.1,0.9,246.6,20.0,1.7,0.078,0.0,0.0,0.0,0.0
corn dog,Corn Dog is a nutritious food rich in essential nutrients.,Grains,,195,6.7,21.0,9.4,0.8,5.9,38.257,0.5,34.3,0.086,0.1,174.7,1.5,0.012,0.1,0.059,0.4,0.044,0.5
chicken box mcdonalds,Chicken Box Mcdonalds is a nutritious food rich in essential nutrients.,Meat,,70,0.2,5.5,4.0,0.0,0.5,9.7,0.0,0.0,0.0,0.0,0.0,0.0,0.0,0.0,0.0,0.0,0.0,0.0
potato wedges kentucky fried chicken,Potato Wedges Kentucky Fried Chicken is a nutritious food rich in essential nutrients.,Vegetables,,379,5.4,45.0,19.8,4.2,0.0,110.6,1.0,0.0,34.8,1.4,699.5,40.2,0.6,0.0,0.0,0.0,1.1,0.068
scrambled eggs mcdonalds,Scrambled Eggs Mcdonalds is a nutritious food rich in essential nutrients.,Eggs,,98,7.7,0.9,7.5,0.0,0.1,50.931,0.04,217.8,33.7,1.1,70.9,6.1,0.7,0.046,0.0,0.0,0.7,0.0
egg mcmuffin mcdonalds,Egg Mcmuffin Mcdonalds is a nutritious food rich in essential nutrients.,Eggs,,287,17.2,27.3,12.2,1.4,2.7,58.5,0.8,207.9,0.0,0.1,252.0,2.9,0.0,0.1,0.2,1.5,0.0,0.7
nachos taco bell,Nachos Taco Bell is a nutritious food rich in essential nutrients.,Others,,362,5.1,36.0,21.9,3.8,0.0,156.0,0.5,4.0,88.1,1.1,180.2,51.5,1.1,0.0,0.0,0.0,1.0,0.07
biscuit large mcdonalds,Biscuit Large Mcdonalds is a nutritious food rich in essential nutrients.,Others,,310,5.5,39.4,14.4,1.8,2.7,132.022,0.9,0.0,68.4,2.5,108.0,9.9,0.4,0.095,0.0,0.0,1.1,0.0
crispy chicken strips kentucky fried chicken,Crispy Chicken Strips Kentucky Fried Chicken is a nutritious food rich in essential nutrients.,Meat,,129,9.5,6.4,7.2,0.7,0.0,35.9,0.4,24.0,11.8,0.3,156.5,15.5,0.3,0.0,0.0,0.0,0.4,0.092
hotcakes mcdonalds,Hotcakes Mcdonalds is a nutritious food rich in essential nutrients.,Others,,113,3.0,19.0,2.9,0.7,4.4,68.2,0.2,6.4,41.7,0.9,85.8,9.4,0.2,0.0,0.0,0.0,0.3,0.0
chicken crispy breast kentucky fried chicken,Chicken Crispy Breast Kentucky Fried Chicken is a nutritious food rich in essential nutrients.,Meat,,375,29.7,11.9,23.2,0.0,0.0,103.428,0.8,106.4,37.8,0.8,361.2,33.6,1.1,0.023,0.0,0.0,0.0,0.0
hotcakes sausage mcdonalds,Hotcakes Sausage Mcdonalds is a nutritious food rich in essential nutrients.,Others,,776,15.5,102.4,34.9,2.1,45.7,292.7,0.9,50.2,134.6,3.2,390.7,37.0,1.3,0.0,0.0,0.0,0.0,0.0
chicken mcnuggets mcdonalds,Chicken Mcnuggets Mcdonalds is a nutritious food rich in essential nutrients.,Meat,,48,2.5,2.4,3.2,0.0,0.025,8.181,0.009,7.0,0.0,0.017,43.5,0.1,0.0,0.071,0.072,0.2,0.0,0.0
chips chipotle,Chips Chipotle is a nutritious food rich in essential nutrients.,Others,,151,0.2,2.1,7.1,0.0,2.1,9.4,0.0,0.0,0.0,0.0,0.0,0.0,0.0,0.0,0.0,0.0,0.0,0.0
biscuit mcdonalds,Biscuit Mcdonalds is a nutritious food rich in essential nutrients.,Others,,261,4.7,33.3,12.2,1.5,2.2,111.687,0.7,0.0,57.8,2.1,91.2,8.4,0.3,0.07,0.0,0.0,0.9,0.0
rice bowl with chicken,Rice Bowl With Chicken is a nutritious food rich in essential nutrients.,Meat,,36,1.6,6.4,0.4,0.2,1.2,13.178,0.064,4.5,3.7,0.008,34.8,4.0,0.1,0.026,0.8,0.0,0.08,0.043
spaghetti with meatballs,Spaghetti With Meatballs is a nutritious food rich in essential nutrients.,Others,,200,8.7,22.9,8.2,5.4,5.8,45.656,0.6,14.0,0.036,0.1,114.0,2.1,0.057,0.2,0.1,3.8,0.049,1.0
meat ravioli canned,Meat Ravioli Canned is a nutritious food rich in essential nutrients.,Others,,259,8.9,36.0,8.9,4.2,6.3,94.963,0.9,13.1,34.1,2.8,442.8,34.1,1.2,0.088,0.0,0.0,1.4,0.09
cheese ravioli canned,Cheese Ravioli Canned is a nutritious food rich in essential nutrients.,Dairy,,186,6.0,33.0,3.5,3.1,9.0,127.3,0.7,7.3,79.9,1.8,561.4,36.3,0.9,0.0,0.0,0.0,2.1,0.067
premium crispy chicken ranch blt sandwich mcdonalds,Premium Crispy Chicken Ranch Blt Sandwich Mcdonalds is a nutritious food rich in essential nutrients.,Meat,,586,35.3,59.8,22.9,3.4,13.3,219.1,1.2,72.0,84.0,3.4,0.0,0.0,0.0,0.0,10.3,0.0,0.0,0.0
steak sandwich,Steak Sandwich is a nutritious food rich in essential nutrients.,Beverages,,459,30.3,52.0,14.1,0.0,0.0,198.9,0.8,73.4,91.8,5.2,524.3,49.0,4.5,0.0,5.5,0.0,0.0,0.0
cheeseburger burger king,Cheeseburger Burger King is a nutritious food rich in essential nutrients.,Dairy,,380,19.4,31.5,19.7,3.7,6.0,201.6,0.8,59.9,123.7,3.3,236.7,31.9,3.2,0.0,0.3,0.0,0.1,0.093
cheeseburger mcdonalds,Cheeseburger Mcdonalds is a nutritious food rich in essential nutrients.,Dairy,,313,15.4,33.1,14.0,1.3,7.4,266.0,0.7,41.7,198.7,2.8,238.0,23.8,2.3,0.0,0.7,0.0,0.0,0.0
double cheeseburger,Double Cheeseburger is a nutritious food rich in essential nutrients.,Dairy,,643,37.0,41.0,36.9,2.1,9.5,119.347,0.9,114.0,0.054,0.2,376.2,5.4,0.017,1.6,0.5,6.6,0.033,0.8
double hamburger,Double Hamburger is a nutritious food rich in essential nutrients.,Meat,,942,52.1,51.4,58.6,5.2,13.2,169.626,1.1,172.0,0.094,0.4,415.1,10.5,0.026,1.5,0.4,0.7,0.059,2.5
premium grilled chicken classic sandwich mcdonalds,Premium Grilled Chicken Classic Sandwich Mcdonalds is a nutritious food rich in essential nutrients.,Meat,,366,28.3,44.6,8.6,2.8,10.0,167.718,0.8,68.0,74.0,3.0,456.0,56.0,1.4,0.051,6.4,0.0,1.1,0.0
big n tasty with cheese mcdonalds,Big N Tasty With Cheese Mcdonalds is a nutritious food rich in essential nutrients.,Dairy,,573,27.2,39.7,36.0,3.2,9.5,339.7,1.0,91.4,224.8,4.4,491.5,44.5,5.1,0.0,4.4,0.0,0.0,0.0
premium grilled chicken club sandwich mcdonalds,Premium Grilled Chicken Club Sandwich Mcdonalds is a nutritious food rich in essential nutrients.,Meat,,493,38.3,44.3,18.0,2.7,6.4,328.1,1.0,102.6,211.9,3.1,0.0,0.0,0.0,0.0,9.8,0.0,0.0,0.0
quarter pounder mcdonalds,Quarter Pounder Mcdonalds is a nutritious food rich in essential nutrients.,Others,,417,24.1,37.9,19.8,2.7,8.8,233.7,0.7,66.7,143.6,4.1,388.2,37.6,4.6,0.0,1.5,0.0,0.0,0.0
premium crispy chicken classic sandwich mcdonalds,Premium Crispy Chicken Classic Sandwich Mcdonalds is a nutritious food rich in essential nutrients.,Meat,,524,27.8,58.6,20.0,3.2,12.4,196.9,1.0,59.8,78.2,3.3,522.1,62.1,1.5,0.0,5.8,0.0,0.0,0.0
veggie burger,Veggie Burger is a nutritious food rich in essential nutrients.,Eggs,,124,11.0,10.0,4.4,3.4,0.7,128.9,0.4,3.5,95.2,1.7,233.1,39.2,0.9,0.0,3.2,0.0,0.2,0.069
quarter pounder with cheese mcdonalds,Quarter Pounder With Cheese Mcdonalds is a nutritious food rich in essential nutrients.,Dairy,,513,29.0,39.7,28.3,2.8,9.8,392.2,1.2,93.5,286.6,4.2,435.8,43.8,5.2,0.0,1.6,0.0,0.0,0.0
beef sandwich steak raw,Beef Sandwich Steak Raw is a nutritious food rich in essential nutrients.,Meat,,173,9.2,0.0,15.1,0.0,0.0,32.0,0.043,39.8,6.7,1.0,130.5,9.0,2.0,0.0,0.0,0.077,0.1,0.046
cheeseburger,Cheeseburger is a nutritious food rich in essential nutrients.,Dairy,,292,15.0,28.7,13.2,1.6,5.9,60.289,0.6,41.4,0.04,0.1,154.1,3.2,0.021,0.5,1.1,0.7,0.042,0.3
premium grilled chicken ranch blt sandwich mcdonalds,Premium Grilled Chicken Ranch Blt Sandwich Mcdonalds is a nutritious food rich in essential nutrients.,Meat,,412,33.7,44.3,10.9,2.8,10.5,181.4,1.0,76.8,76.8,3.0,0.0,0.0,0.0,0.0,9.9,0.0,0.0,0.0
double whopper with cheese burger king,Double Whopper With Cheese Burger King is a nutritious food rich in essential nutrients.,Dairy,,1061,57.7,53.9,68.1,6.4,14.4,519.2,1.5,187.5,311.2,21.1,754.1,75.8,14.0,0.0,0.8,0.0,0.2,0.082
big mac mcdonalds,Big Mac Mcdonalds is a nutritious food rich in essential nutrients.,Others,,563,25.9,44.0,32.8,3.5,8.7,365.5,1.0,78.8,254.0,4.4,396.4,43.8,4.2,0.0,0.9,0.0,0.0,0.0
sandwich with cold cuts,Sandwich With Cold Cuts is a nutritious food rich in essential nutrients.,Others,,833,41.1,79.9,39.3,4.7,12.4,166.871,2.2,105.6,0.023,0.5,437.9,7.1,0.065,0.5,0.8,29.3,0.012,1.6
filet o fish mcdonalds,Filet O Fish Mcdonalds is a nutritious food rich in essential nutrients.,Seafood,,378,15.1,35.4,19.6,1.9,4.9,235.3,0.6,42.9,160.8,2.1,294.8,36.2,0.8,0.0,0.4,0.0,1.6,0.058
hand breaded chicken tenders carls jr,Hand Breaded Chicken Tenders Carls Jr is a nutritious food rich in essential nutrients.,Meat,,57,0.0,0.2,2.9,0.0,0.0,3.1,0.0,0.0,0.0,0.0,0.0,0.0,0.0,0.0,0.0,0.0,0.0,0.0
grilled chicken sandwich wendys,Grilled Chicken Sandwich Wendys is a nutritious food rich in essential nutrients.,Meat,,370,0.0,0.0,8.0,0.0,0.0,8.0,0.0,0.0,0.0,0.0,0.0,0.0,0.0,0.0,0.0,0.0,0.0,0.0
sandwich with roast beef,Sandwich With Roast Beef is a nutritious food rich in essential nutrients.,Meat,,410,28.6,44.3,13.0,0.0,0.0,135.393,0.8,73.4,41.0,2.8,330.5,67.0,4.4,0.03,5.6,0.0,0.0,0.0
hamburger burger king,Hamburger Burger King is a nutritious food rich in essential nutrients.,Meat,,258,14.7,26.5,10.4,2.0,5.5,54.28,0.5,34.7,0.049,0.1,124.7,2.8,0.055,0.5,0.056,0.2,0.0,0.068
big n tasty mcdonalds,Big N Tasty Mcdonalds is a nutritious food rich in essential nutrients.,Others,,524,24.7,38.5,31.7,3.2,8.8,257.7,0.7,76.6,150.8,4.4,464.0,41.8,4.8,0.0,4.4,0.0,0.0,0.0
roast beef sandwich,Roast Beef Sandwich is a nutritious food rich in essential nutrients.,Meat,,364,22.6,33.1,15.3,1.9,5.7,73.951,1.0,44.7,0.039,0.1,298.0,3.9,0.055,0.6,0.3,0.0,0.0,0.6
roast beef sandwich with cheese,Roast Beef Sandwich With Cheese is a nutritious food rich in essential nutrients.,Dairy,,473,32.2,45.4,18.0,0.0,0.0,283.72,1.6,77.4,183.0,5.1,345.0,40.5,5.4,0.082,0.0,0.0,0.0,0.0
hamburger,Hamburger is a nutritious food rich in essential nutrients.,Meat,,255,12.9,28.7,9.9,1.7,5.8,53.859,0.5,28.1,0.068,0.027,106.7,2.8,0.017,0.4,0.1,0.3,0.041,0.053
premium fish sandwich burger king,Premium Fish Sandwich Burger King is a nutritious food rich in essential nutrients.,Seafood,,572,22.6,58.7,27.4,2.0,7.8,195.8,1.3,68.2,81.4,3.3,453.2,55.0,1.1,0.0,0.4,0.0,0.0,0.014
whopper burger king,Whopper Burger King is a nutritious food rich in essential nutrients.,Others,,790,35.4,52.8,48.4,3.2,13.0,405.8,1.4,113.8,259.1,6.3,534.0,56.9,5.1,0.0,0.6,0.0,0.3,0.008
sandwich with tuna salad,Sandwich With Tuna Salad is a nutritious food rich in essential nutrients.,Seafood,,584,29.7,55.4,28.0,0.0,0.0,193.569,1.3,48.6,74.2,2.6,335.4,79.4,1.9,0.004,3.6,0.0,0.0,0.0
original chicken sandwich burger king,Original Chicken Sandwich Burger King is a nutritious food rich in essential nutrients.,Meat,,569,24.2,52.2,29.2,4.8,6.0,205.9,1.3,61.7,91.5,3.6,390.0,45.8,1.2,0.0,0.4,0.0,0.0,0.019
double whopper burger king,Double Whopper Burger King is a nutritious food rich in essential nutrients.,Others,,942,52.1,51.4,58.6,5.2,13.2,309.4,1.1,172.0,130.9,10.5,718.1,67.3,11.2,0.0,0.7,0.0,0.0,0.023
premium crispy chicken club sandwich mcdonalds,Premium Crispy Chicken Club Sandwich Mcdonalds is a nutritious food rich in essential nutrients.,Meat,,635,39.1,57.4,29.9,3.0,12.7,376.2,1.2,96.5,233.7,3.4,0.0,0.0,0.0,0.0,9.7,0.0,0.0,0.0
hamburger mcdonalds,Hamburger Mcdonalds is a nutritious food rich in essential nutrients.,Meat,,251,12.3,28.8,9.6,1.2,5.7,52.357,0.5,25.7,0.0,0.049,101.7,2.7,0.066,0.4,0.0,0.6,0.0,0.0
pepperoni pizza dominos,Pepperoni Pizza Dominos is a nutritious food rich in essential nutrients.,Vegetables,,308,12.7,36.0,12.6,2.4,4.2,226.5,0.7,28.3,159.3,2.6,206.8,27.1,1.5,0.0,0.9,0.0,1.1,0.034
sausage pizza,Sausage Pizza is a nutritious food rich in essential nutrients.,Others,,325,13.3,35.5,14.3,2.7,3.9,66.337,0.7,26.7,0.078,0.1,223.9,2.8,0.003,0.3,0.099,2.0,0.0,1.1
pepperoni pizza,Pepperoni Pizza is a nutritious food rich in essential nutrients.,Vegetables,,313,13.0,35.5,13.2,2.6,3.6,64.836,0.8,27.8,0.05,0.1,219.8,2.8,0.022,0.3,0.093,1.0,0.0,1.0
pepperoni pizza pizza hut,Pepperoni Pizza Pizza Hut is a nutritious food rich in essential nutrients.,Vegetables,,269,12.3,30.3,10.9,1.6,3.5,206.086,0.8,25.0,148.8,2.1,198.7,22.1,1.6,0.087,0.0,0.0,0.7,0.037
cheese pizza pizza hut,Cheese Pizza Pizza Hut is a nutritious food rich in essential nutrients.,Dairy,,260,11.5,30.0,10.5,1.7,3.2,256.272,0.7,23.0,200.6,1.9,166.1,21.1,1.6,0.075,0.0,0.0,0.7,0.039
cheese pizza,Cheese Pizza is a nutritious food rich in essential nutrients.,Dairy,,285,12.2,35.7,10.4,2.5,3.8,61.304,0.6,18.2,0.082,0.1,231.1,2.7,0.031,0.3,0.066,1.5,0.0,0.9
cheese pizza dominos,Cheese Pizza Dominos is a nutritious food rich in essential nutrients.,Dairy,,278,11.7,35.9,9.7,2.4,4.3,243.663,0.6,18.4,180.4,2.5,173.9,25.9,1.3,0.068,1.0,0.0,1.1,0.028
meat vegetable pizza,Meat Vegetable Pizza is a nutritious food rich in essential nutrients.,Others,,332,15.0,34.5,14.8,3.0,5.1,233.148,0.8,36.7,163.2,2.5,250.2,31.3,1.7,0.032,0.1,0.0,1.2,0.065
sucker raw,Sucker Raw is a nutritious food rich in essential nutrients.,Others,,146,26.6,0.0,3.7,0.0,0.0,143.779,0.0,65.2,111.3,2.1,604.2,47.7,1.2,0.041,0.0,0.0,0.0,0.0
northern pike raw,Northern Pike Raw is a nutritious food rich in essential nutrients.,Others,,348,76.3,0.0,2.7,0.0,0.0,321.946,0.2,154.4,225.7,2.2,1025.6,122.8,2.7,0.059,15.0,0.025,0.8,0.089
haddock cooked,Haddock Cooked is a nutritious food rich in essential nutrients.,Others,,135,30.0,0.0,0.8,0.0,0.0,52.159,0.4,99.0,21.0,0.3,526.5,39.0,0.6,0.012,0.0,0.064,0.8,0.004
burbot cooked,Burbot Cooked is a nutritious food rich in essential nutrients.,Others,,104,22.3,0.0,0.9,0.0,0.0,81.891,0.1,69.3,57.6,1.0,466.2,36.9,0.9,0.071,0.0,0.0,0.0,0.0
pollock cooked,Pollock Cooked is a nutritious food rich in essential nutrients.,Others,,356,75.3,0.0,3.8,0.0,0.0,313.428,0.3,274.8,232.5,1.8,1377.1,259.7,1.8,0.045,0.0,0.0,0.0,0.0
rainbow smelt raw,Rainbow Smelt Raw is a nutritious food rich in essential nutrients.,Others,,27,5.0,0.0,0.7,0.0,0.0,23.004,0.019,19.8,17.0,0.3,82.1,8.5,0.5,0.036,0.0,0.045,0.1,0.068
whitefish cooked,Whitefish Cooked is a nutritious food rich in essential nutrients.,Seafood,,265,37.7,0.0,11.6,0.0,0.0,100.864,0.1,118.6,50.8,0.7,625.2,64.7,2.0,0.082,0.0,0.0,0.0,0.0
walleye pike raw,Walleye Pike Raw is a nutritious food rich in essential nutrients.,Others,,148,30.4,0.0,1.9,0.0,0.0,209.316,0.011,136.7,174.9,2.1,618.5,47.7,1.0,0.083,0.0,0.0,0.0,0.0
carp cooked,Carp Cooked is a nutritious food rich in essential nutrients.,Others,,275,38.9,0.0,12.2,0.0,0.0,144.989,0.1,142.8,88.4,2.7,725.9,64.6,3.2,0.02,2.7,0.0,0.0,0.0
wolffish cooked,Wolffish Cooked is a nutritious food rich in essential nutrients.,Seafood,,293,53.4,0.0,7.3,0.0,0.0,80.3,0.3,140.4,19.0,0.3,916.3,90.4,2.4,0.3,0.0,0.0,0.0,0.0
snapper cooked,Snapper Cooked is a nutritious food rich in essential nutrients.,Others,,218,44.7,0.0,2.9,0.0,0.0,118.742,0.066,79.9,68.0,0.4,887.4,62.9,0.7,0.071,2.7,0.0,0.0,0.0
roe cooked,Roe Cooked is a nutritious food rich in essential nutrients.,Others,,58,8.1,0.5,2.3,0.0,0.0,23.609,0.055,135.6,7.9,0.2,80.1,7.4,0.4,0.066,4.6,0.0,0.0,0.0
anchovy raw,Anchovy Raw is a nutritious food rich in essential nutrients.,Others,,37,5.8,0.0,1.4,0.0,0.0,49.714,0.012,17.0,41.6,0.9,108.4,11.6,0.5,0.097,0.0,0.0,0.2,0.015
herring raw,Herring Raw is a nutritious food rich in essential nutrients.,Others,,291,33.0,0.0,16.6,0.0,0.0,157.898,0.2,110.4,104.9,2.0,601.7,58.9,1.8,0.027,1.3,0.005,2.0,0.033
cod raw,Cod Raw is a nutritious food rich in essential nutrients.,Seafood,,189,41.1,0.0,1.5,0.0,0.0,82.88,0.1,99.3,37.0,0.9,954.0,73.9,1.0,0.045,2.3,0.083,1.5,0.021
tilapia raw,Tilapia Raw is a nutritious food rich in essential nutrients.,Others,,111,23.3,0.0,2.0,0.0,0.0,37.5,0.009,58.0,11.6,0.6,350.3,31.3,0.4,0.0,0.0,0.019,0.5,0.068
whiting cooked,Whiting Cooked is a nutritious food rich in essential nutrients.,Others,,84,16.9,0.0,1.2,0.0,0.0,63.037,0.018,60.5,44.6,0.3,312.5,19.4,0.4,0.064,0.0,0.027,0.3,0.075
skipjack tuna cooked,Skipjack Tuna Cooked is a nutritious food rich in essential nutrients.,Seafood,,407,86.9,0.0,4.0,0.0,0.0,212.936,0.1,184.8,114.0,4.9,1607.8,135.5,3.2,0.059,3.1,0.0,0.0,0.0
salmon cooked,Salmon Cooked is a nutritious food rich in essential nutrients.,Seafood,,733,78.7,0.0,44.0,0.0,0.0,190.7,0.2,224.3,53.4,1.2,1367.0,106.8,1.5,0.2,13.2,0.046,4.1,0.044
chum salmon cooked,Chum Salmon Cooked is a nutritious food rich in essential nutrients.,Seafood,,474,79.5,0.0,14.9,0.0,0.0,139.8,0.2,292.6,43.1,2.2,1694.0,86.2,1.8,0.1,0.0,0.0,0.0,0.0
american shad cooked,American Shad Cooked is a nutritious food rich in essential nutrients.,Others,,363,31.3,0.0,25.4,0.0,0.0,144.967,0.043,138.2,86.4,1.8,708.5,54.7,0.7,0.031,0.0,0.0,0.0,0.0
shark cooked,Shark Cooked is a nutritious food rich in essential nutrients.,Others,,65,5.3,1.8,3.9,0.0,0.0,25.548,0.068,16.7,14.2,0.3,43.9,12.2,0.1,0.058,0.0,0.0,0.0,0.0
trout cooked,Trout Cooked is a nutritious food rich in essential nutrients.,Others,,118,16.5,0.0,5.3,0.0,0.0,57.496,0.027,45.9,34.1,1.2,287.1,17.4,0.5,0.02,0.3,0.0,0.0,0.0
swordfish raw,Swordfish Raw is a nutritious food rich in essential nutrients.,Seafood,,196,26.7,0.0,9.0,0.0,0.0,43.072,0.1,89.8,6.8,0.5,568.5,39.4,0.9,0.04,0.0,0.082,2.7,0.023
rainbow trout cooked,Rainbow Trout Cooked is a nutritious food rich in essential nutrients.,Others,,119,16.9,0.0,5.2,0.0,0.0,22.557,0.041,49.7,0.003,0.093,191.7,0.3,0.059,0.09,0.3,2.1,0.092,2.0
fish sandwich with cheese,Fish Sandwich With Cheese is a nutritious food rich in essential nutrients.,Dairy,,374,15.1,35.4,19.6,0.0,4.9,235.0,0.6,49.6,160.8,2.1,294.8,36.2,0.8,0.0,2.0,0.0,0.0,0.0
jellyfish dried,Jellyfish Dried is a nutritious food rich in essential nutrients.,Seafood,,21,3.2,0.0,0.8,0.0,0.0,6.517,5.6,2.9,1.2,1.3,1.7,1.2,0.2,0.024,0.0,0.0,0.05,0.059
mullet raw,Mullet Raw is a nutritious food rich in essential nutrients.,Others,,139,23.0,0.0,4.5,0.0,0.0,78.949,0.098,58.3,48.8,1.2,424.8,34.5,0.6,0.048,1.4,0.065,1.2,0.066
halibut cooked,Halibut Cooked is a nutritious food rich in essential nutrients.,Others,,353,71.7,0.0,5.1,0.0,0.0,78.934,0.3,190.8,0.0,0.095,912.7,0.6,0.2,0.043,2.0,0.0,0.089,2.4
lingcod raw,Lingcod Raw is a nutritious food rich in essential nutrients.,Seafood,,213,44.2,0.0,2.7,0.0,0.0,82.778,0.1,130.0,35.0,0.8,1092.5,65.0,1.1,0.079,0.0,0.0,0.0,0.0
orange roughy cooked,Orange Roughy Cooked is a nutritious food rich in essential nutrients.,Fruits,,30,6.4,0.0,0.3,0.0,0.0,10.146,0.079,22.6,3.1,0.3,51.2,5.1,0.095,0.049,0.0,0.0,0.5,0.076
cisco raw,Cisco Raw is a nutritious food rich in essential nutrients.,Others,,77,15.0,0.0,1.5,0.0,0.0,26.367,0.042,39.5,9.5,0.3,279.7,13.4,0.3,0.022,0.0,0.0,0.0,0.0
florida pompano cooked,Florida Pompano Cooked is a nutritious food rich in essential nutrients.,Others,,186,20.8,0.0,10.7,0.0,0.0,69.911,0.05,56.3,37.8,0.6,559.7,27.3,0.6,0.025,0.0,0.0,0.0,0.0
snapper raw,Snapper Raw is a nutritious food rich in essential nutrients.,Others,,218,44.7,0.0,2.9,0.0,0.0,121.32,0.1,80.7,69.8,0.4,909.1,69.8,0.8,0.01,3.5,0.054,2.1,0.098
fish sandwich,Fish Sandwich is a nutritious food rich in essential nutrients.,Seafood,,565,22.6,58.7,27.4,0.0,7.8,109.3,1.3,77.0,0.0,0.2,255.2,3.3,0.1,0.2,0.2,4.0,0.0,0.0
haddock raw,Haddock Raw is a nutritious food rich in essential nutrients.,Others,,143,31.5,0.0,0.9,0.0,0.0,53.952,0.4,104.2,21.2,0.3,552.0,40.5,0.6,0.098,0.0,0.025,0.9,0.079
ocean perch raw,Ocean Perch Raw is a nutritious food rich in essential nutrients.,Others,,51,9.8,0.0,1.0,0.0,0.0,28.835,0.2,33.3,17.9,0.1,119.7,14.7,0.2,0.087,0.0,0.08,0.5,0.051
cuttlefish cooked,Cuttlefish Cooked is a nutritious food rich in essential nutrients.,Seafood,,45,9.2,0.5,0.4,0.0,0.0,66.521,0.2,63.4,50.9,3.1,180.3,17.0,1.0,0.05,2.4,0.0,0.0,0.0
cod cooked,Cod Cooked is a nutritious food rich in essential nutrients.,Seafood,,189,41.1,0.0,1.5,0.0,0.0,70.534,0.1,99.0,25.2,0.9,439.2,75.6,1.0,0.077,1.8,0.097,1.5,0.028
seatrout raw,Seatrout Raw is a nutritious food rich in essential nutrients.,Others,,248,39.8,0.0,8.6,0.0,0.0,89.528,0.1,197.5,40.5,0.6,811.6,73.8,1.1,0.056,0.0,0.0,0.0,0.0
flounder raw,Flounder Raw is a nutritious food rich in essential nutrients.,Others,,114,20.2,0.0,3.1,0.0,0.0,57.837,0.5,73.4,34.2,0.3,260.8,29.3,0.5,0.036,0.0,0.059,1.0,0.074
spot cooked,Spot Cooked is a nutritious food rich in essential nutrients.,Others,,79,11.9,0.0,3.1,0.0,0.0,24.239,0.022,38.5,9.0,0.2,318.0,27.0,0.3,0.051,0.0,0.0,0.0,0.0
walleye pike cooked,Walleye Pike Cooked is a nutritious food rich in essential nutrients.,Others,,148,30.4,0.0,1.9,0.0,0.0,209.213,0.069,136.4,174.8,2.1,618.8,47.1,1.0,0.085,0.0,0.0,0.0,0.0
perch raw,Perch Raw is a nutritious food rich in essential nutrients.,Others,,55,11.6,0.0,0.6,0.0,0.0,61.715,0.037,54.0,48.0,0.5,161.4,18.0,0.7,0.052,1.0,0.084,0.1,0.092
pumpkin seed sunfish raw,Pumpkin Seed Sunfish Raw is a nutritious food rich in essential nutrients.,Vegetables,,43,9.3,0.0,0.3,0.0,0.0,49.154,0.06,32.2,38.4,0.6,168.0,14.4,0.7,0.096,0.5,0.0,0.0,0.0
salt mackerel,Salt Mackerel is a nutritious food rich in essential nutrients.,Others,,415,25.2,0.0,34.1,0.0,0.0,151.025,6.1,129.2,89.8,1.9,707.2,81.6,1.5,0.031,0.0,0.03,3.2,0.043
mackerel cooked,Mackerel Cooked is a nutritious food rich in essential nutrients.,Others,,231,21.0,0.0,15.7,0.0,0.0,51.733,0.064,66.0,13.2,1.4,352.9,85.4,0.8,0.065,0.4,0.0,0.0,0.0
tilapia cooked,Tilapia Cooked is a nutritious food rich in essential nutrients.,Others,,111,22.8,0.0,2.3,0.0,0.0,37.9,0.011,49.6,12.2,0.6,330.6,29.6,0.4,0.0,0.0,0.013,0.7,0.053
drum raw,Drum Raw is a nutritious food rich in essential nutrients.,Others,,236,34.7,0.0,9.8,0.0,0.0,167.2,0.1,126.7,118.8,1.8,544.5,59.4,1.3,0.1,2.0,0.0,0.0,0.0
atlantic croaker fried,Atlantic Croaker Fried is a nutritious food rich in essential nutrients.,Others,,192,15.8,6.6,11.0,0.3,0.0,62.209,0.3,73.1,27.8,0.7,295.8,36.5,0.5,0.004,0.0,0.0,0.0,0.0
pumpkin seed sunfish cooked,Pumpkin Seed Sunfish Cooked is a nutritious food rich in essential nutrients.,Vegetables,,42,9.2,0.0,0.3,0.0,0.0,48.674,0.046,31.8,38.1,0.6,166.1,14.1,0.7,0.087,0.4,0.0,0.0,0.0
wolffish raw,Wolffish Raw is a nutritious food rich in essential nutrients.,Seafood,,294,53.6,0.0,7.3,0.0,0.0,79.9,0.3,140.8,18.4,0.3,918.0,91.8,2.4,0.3,0.0,0.0,0.0,0.0
bluefin tuna cooked,Bluefin Tuna Cooked is a nutritious food rich in essential nutrients.,Seafood,,276,44.9,0.0,9.4,0.0,0.0,72.4,0.02,73.5,15.0,2.0,484.5,96.0,1.2,1.1,0.0,0.0,0.0,0.0
scup cooked,Scup Cooked is a nutritious food rich in essential nutrients.,Others,,68,12.1,0.0,1.8,0.0,0.0,39.718,0.061,33.5,25.5,0.3,184.0,14.5,0.3,0.093,0.0,0.0,0.0,0.0
herring cooked,Herring Cooked is a nutritious food rich in essential nutrients.,Others,,290,32.9,0.0,16.6,0.0,0.0,158.304,0.2,110.1,105.8,2.0,599.2,58.6,1.8,0.076,1.0,0.0,2.0,0.074
bluefish raw,Bluefish Raw is a nutritious food rich in essential nutrients.,Seafood,,186,30.1,0.0,6.4,0.0,0.0,47.9,0.028,88.5,10.5,0.7,558.0,49.5,1.2,0.2,0.0,0.0,0.0,0.0
sheepshead cooked,Sheepshead Cooked is a nutritious food rich in essential nutrients.,Others,,234,48.4,0.0,3.0,0.0,0.0,121.48,0.1,119.0,68.8,1.2,952.3,65.1,1.2,0.069,0.0,0.0,0.0,0.0
bass cooked,Bass Cooked is a nutritious food rich in essential nutrients.,Others,,91,15.0,0.0,2.9,0.0,0.0,84.379,0.078,53.9,63.9,1.2,282.7,23.6,0.5,0.073,1.3,0.0,0.0,0.0
pout cooked,Pout Cooked is a nutritious food rich in essential nutrients.,Others,,279,58.4,0.0,3.2,0.0,0.0,98.207,0.2,183.6,35.6,1.0,1405.6,46.6,3.6,0.062,0.0,0.0,0.0,0.0
chinook salmon raw,Chinook Salmon Raw is a nutritious food rich in essential nutrients.,Seafood,,709,78.9,0.0,41.3,0.0,0.0,240.5,0.2,198.0,103.0,1.0,1560.2,376.2,1.7,0.5,15.8,0.0,4.8,0.0
rockfish raw,Rockfish Raw is a nutritious food rich in essential nutrients.,Seafood,,172,35.1,0.0,2.6,0.0,0.0,65.002,0.1,95.5,26.7,0.6,737.3,51.6,0.7,0.007,0.0,0.027,0.7,0.0
tilefish raw,Tilefish Raw is a nutritious food rich in essential nutrients.,Seafood,,371,67.6,0.0,8.9,0.0,0.0,177.901,0.2,193.0,100.4,1.0,1671.4,108.1,1.4,0.057,0.0,0.0,0.0,0.0
scup raw,Scup Raw is a nutritious food rich in essential nutrients.,Others,,174,31.3,0.0,4.5,0.0,0.0,103.111,0.082,86.3,66.4,0.9,476.4,38.2,0.8,0.037,0.0,0.077,0.8,0.001
sablefish cooked,Sablefish Cooked is a nutritious food rich in essential nutrients.,Seafood,,755,51.9,0.0,59.3,0.0,0.0,252.4,0.2,190.3,135.9,5.0,1386.2,214.4,1.2,0.3,0.0,0.0,0.0,0.0
tuna salad,Tuna Salad is a nutritious food rich in essential nutrients.,Seafood,,383,32.9,19.3,19.0,0.0,0.0,112.727,0.8,26.7,34.9,2.1,364.9,39.0,1.1,0.004,4.5,0.0,0.0,0.0
coho salmon cooked,Coho Salmon Cooked is a nutritious food rich in essential nutrients.,Seafood,,255,34.7,0.0,11.8,0.0,0.0,66.478,0.06,90.1,17.2,0.6,657.8,48.6,0.7,0.063,2.1,0.0,0.0,0.0
roe raw,Roe Raw is a nutritious food rich in essential nutrients.,Others,,20,3.1,0.2,0.9,0.0,0.0,9.553,0.052,52.4,3.1,0.085,30.9,2.8,0.1,0.028,2.2,0.02,1.0,0.018
sea bass raw,Sea Bass Raw is a nutritious food rich in essential nutrients.,Others,,125,23.8,0.0,2.6,0.0,0.0,39.739,0.084,52.9,12.9,0.4,330.2,52.9,0.5,0.001,0.0,0.071,1.1,0.091
pink salmon cooked,Pink Salmon Cooked is a nutritious food rich in essential nutrients.,Seafood,,349,56.0,0.0,12.0,0.0,0.0,69.873,0.2,125.4,0.066,0.2,713.6,1.0,0.089,0.029,1.6,0.0,0.041,1.1
sockeye salmon cooked,Sockeye Salmon Cooked is a nutritious food rich in essential nutrients.,Seafood,,493,82.1,0.0,17.3,0.0,0.0,102.315,0.3,189.1,0.089,0.2,945.5,1.6,0.1,0.087,2.6,0.0,0.016,3.1
whitefish raw,Whitefish Raw is a nutritious food rich in essential nutrients.,Seafood,,265,37.8,0.0,11.6,0.0,0.0,101.603,0.1,118.8,51.5,0.7,627.7,65.3,2.0,0.092,0.0,0.095,0.4,0.061
greenland halibut cooked,Greenland Halibut Cooked is a nutritious food rich in essential nutrients.,Others,,760,58.6,0.0,56.4,0.0,0.0,130.404,0.3,187.6,12.7,2.7,1093.9,104.9,1.6,0.093,0.0,0.0,0.0,0.0
northern pike cooked,Northern Pike Cooked is a nutritious food rich in essential nutrients.,Others,,350,76.5,0.0,2.7,0.0,0.0,319.506,0.2,155.0,226.3,2.2,1026.1,124.0,2.7,0.095,11.8,0.0,0.0,0.0
salmon raw,Salmon Raw is a nutritious food rich in essential nutrients.,Seafood,,824,80.9,0.0,53.1,0.0,0.0,186.3,0.2,217.8,35.6,1.3,1437.5,106.9,1.4,0.0,15.4,0.0,14.1,0.059
turbot cooked,Turbot Cooked is a nutritious food rich in essential nutrients.,Others,,388,65.4,0.0,12.0,0.0,0.0,157.453,0.6,197.2,73.1,1.5,969.9,206.7,0.9,0.02,5.4,0.0,0.0,0.0
surimi,Surimi is a nutritious food rich in essential nutrients.,Others,,28,4.3,1.9,0.3,0.0,0.0,9.072,0.042,8.5,2.5,0.057,31.7,12.2,0.026,0.084,0.0,0.0,0.2,0.003
chinook salmon cooked,Chinook Salmon Cooked is a nutritious food rich in essential nutrients.,Seafood,,711,79.2,0.0,41.2,0.0,0.0,222.5,0.2,261.8,86.2,2.8,1555.4,375.8,1.7,0.5,12.6,0.0,0.0,0.0
mullet cooked,Mullet Cooked is a nutritious food rich in essential nutrients.,Others,,140,23.1,0.0,4.5,0.0,0.0,58.866,0.001,58.6,28.8,1.3,425.9,30.7,0.8,0.053,1.1,0.0,0.0,0.0
chum salmon raw,Chum Salmon Raw is a nutritious food rich in essential nutrients.,Seafood,,3,0.6,0.0,0.1,0.0,0.0,1.025,0.029,2.1,0.3,0.038,12.0,0.6,0.062,0.08,0.0,0.0,0.093,0.0
butterfish raw,Butterfish Raw is a nutritious food rich in essential nutrients.,Dairy,,47,5.5,0.0,2.6,0.0,0.0,15.332,0.072,20.8,7.0,0.2,120.0,8.0,0.2,0.031,0.0,0.0,0.0,0.0
sea bass cooked,Sea Bass Cooked is a nutritious food rich in essential nutrients.,Others,,125,23.9,0.0,2.6,0.0,0.0,40.067,0.058,53.5,13.1,0.4,331.3,53.5,0.5,0.053,0.0,0.0,0.0,0.0
greenland halibut raw,Greenland Halibut Raw is a nutritious food rich in essential nutrients.,Others,,759,58.6,0.0,56.5,0.0,0.0,130.06,0.3,187.7,12.2,2.7,1093.4,106.1,1.6,0.009,0.0,0.1,3.0,0.091
halibut raw,Halibut Raw is a nutritious food rich in essential nutrients.,Others,,371,75.7,0.0,5.4,0.0,0.0,110.481,0.3,199.9,28.6,0.7,1774.8,93.8,1.5,0.072,0.0,0.031,2.5,0.0
sturgeon cooked,Sturgeon Cooked is a nutritious food rich in essential nutrients.,Others,,184,28.2,0.0,7.0,0.0,0.0,59.9,0.019,104.7,23.1,1.2,495.0,61.2,0.7,0.4,0.0,0.073,0.9,0.039
fish fillet fried,Fish Fillet Fried is a nutritious food rich in essential nutrients.,Seafood,,211,13.3,15.4,11.2,0.5,0.0,58.716,0.5,30.9,16.4,1.9,291.2,21.8,0.4,0.095,0.0,0.0,0.0,0.0
rainbow trout raw,Rainbow Trout Raw is a nutritious food rich in essential nutrients.,Others,,111,15.8,0.0,4.9,0.0,0.0,43.047,0.022,46.6,19.8,0.2,297.8,19.8,0.4,0.044,2.3,0.056,1.8,0.094
pout raw,Pout Raw is a nutritious food rich in essential nutrients.,Others,,278,58.6,0.0,3.2,0.0,0.0,98.078,0.2,183.0,35.2,1.0,1408.0,45.8,3.6,0.032,0.0,0.0,0.0,0.0
rainbow smelt cooked,Rainbow Smelt Cooked is a nutritious food rich in essential nutrients.,Others,,35,6.4,0.0,0.9,0.0,0.0,29.428,0.047,25.5,21.8,0.3,105.3,10.8,0.6,0.005,0.0,0.0,0.0,0.0
monkfish raw,Monkfish Raw is a nutritious food rich in essential nutrients.,Seafood,,22,4.1,0.0,0.4,0.0,0.0,7.21,0.059,7.1,2.3,0.059,113.2,5.9,0.1,0.005,0.3,0.0,0.0,0.0
trout raw,Trout Raw is a nutritious food rich in essential nutrients.,Others,,117,16.4,0.0,5.2,0.0,0.0,57.297,0.051,45.8,34.0,1.2,285.2,17.4,0.5,0.1,0.4,0.032,0.2,0.003
shark raw,Shark Raw is a nutritious food rich in essential nutrients.,Others,,37,5.9,0.0,1.3,0.0,0.0,17.064,0.003,14.4,9.6,0.2,45.3,13.9,0.1,0.012,0.0,0.046,0.3,0.007
burbot raw,Burbot Raw is a nutritious food rich in essential nutrients.,Others,,104,22.4,0.0,0.9,0.0,0.0,82.309,0.1,69.6,58.0,1.0,468.6,37.1,0.9,0.081,0.0,0.0,0.0,0.0
dolphinfish cooked,Dolphinfish Cooked is a nutritious food rich in essential nutrients.,Seafood,,173,37.7,0.0,1.4,0.0,0.0,71.625,0.2,149.5,30.2,2.3,847.5,60.4,0.9,0.046,0.0,0.0,0.0,0.0
crayfish cooked,Crayfish Cooked is a nutritious food rich in essential nutrients.,Seafood,,25,5.0,0.0,0.4,0.0,0.0,20.222,0.058,38.8,14.4,0.3,67.4,9.3,0.4,0.094,0.1,0.0,0.0,0.0
dolphinfish raw,Dolphinfish Raw is a nutritious food rich in essential nutrients.,Seafood,,173,37.7,0.0,1.4,0.0,0.0,72.1,0.2,148.9,30.6,2.3,848.6,61.2,0.9,0.1,0.0,0.0,0.0,0.0
perch cooked,Perch Cooked is a nutritious food rich in essential nutrients.,Others,,54,11.4,0.0,0.5,0.0,0.0,60.112,0.043,52.9,46.9,0.5,158.2,17.5,0.7,0.019,0.8,0.0,0.0,0.0
cusk raw,Cusk Raw is a nutritious food rich in essential nutrients.,Others,,106,23.2,0.0,0.8,0.0,0.0,37.228,0.086,50.0,12.2,1.0,478.2,37.8,0.5,0.038,0.0,0.0,0.0,0.0
bluefin tuna raw,Bluefin Tuna Raw is a nutritious food rich in essential nutrients.,Seafood,,41,6.6,0.0,1.4,0.0,0.0,10.8,0.013,10.8,2.3,0.3,71.3,14.2,0.2,0.2,0.0,0.077,0.3,0.0
milkfish cooked,Milkfish Cooked is a nutritious food rich in essential nutrients.,Dairy,,54,7.4,0.0,2.4,0.0,0.0,28.341,0.076,19.0,18.4,0.1,105.8,10.8,0.3,0.027,0.0,0.0,0.0,0.0
carp raw,Carp Raw is a nutritious food rich in essential nutrients.,Others,,277,38.9,0.0,12.2,0.0,0.0,146.793,0.1,143.9,89.4,2.7,725.9,63.2,3.2,0.042,3.5,0.042,1.4,0.016
sturgeon raw,Sturgeon Raw is a nutritious food rich in essential nutrients.,Others,,30,4.6,0.0,1.1,0.0,0.0,9.612,0.007,17.0,3.7,0.2,80.4,9.9,0.1,0.016,0.0,0.008,0.1,0.03
orange roughy raw,Orange Roughy Raw is a nutritious food rich in essential nutrients.,Fruits,,22,4.6,0.0,0.2,0.0,0.0,7.672,0.063,17.0,2.5,0.3,47.3,4.8,0.039,0.082,0.0,0.0,0.3,0.063
catfish fried,Catfish Fried is a nutritious food rich in essential nutrients.,Seafood,,199,15.7,7.0,11.6,0.6,0.0,74.4,0.2,61.8,38.3,1.2,295.8,23.5,0.7,0.0,0.0,0.0,0.0,0.0
cuttlefish raw,Cuttlefish Raw is a nutritious food rich in essential nutrients.,Seafood,,22,4.6,0.2,0.2,0.0,0.0,33.734,0.1,31.7,25.5,1.7,100.2,8.5,0.5,0.048,1.5,0.0,0.0,0.0
bass raw,Bass Raw is a nutritious food rich in essential nutrients.,Others,,90,14.9,0.0,2.9,0.0,0.0,83.837,0.055,53.7,63.2,1.2,281.2,23.7,0.5,0.004,1.6,0.0,0.0,0.0
flounder cooked,Flounder Cooked is a nutritious food rich in essential nutrients.,Others,,109,19.4,0.0,3.0,0.0,0.0,22.622,0.5,71.1,0.1,0.099,392.4,0.3,0.049,0.047,0.1,0.0,0.005,1.0
milkfish raw,Milkfish Raw is a nutritious food rich in essential nutrients.,Dairy,,42,5.8,0.0,1.9,0.0,0.0,22.203,0.098,14.7,14.4,0.057,82.6,8.5,0.2,0.099,0.0,0.0,0.0,0.0
eel raw,Eel Raw is a nutritious food rich in essential nutrients.,Others,,375,37.6,0.0,23.8,0.0,0.0,109.0,0.1,257.0,40.8,1.0,554.9,40.8,3.3,2.1,3.7,0.01,8.2,0.0
catfish raw,Catfish Raw is a nutritious food rich in essential nutrients.,Seafood,,189,24.2,0.0,9.4,0.0,0.0,46.7,0.2,87.5,12.7,0.4,480.2,30.2,0.8,0.0,0.0,0.084,1.3,0.022
fish sticks,Fish Sticks is a nutritious food rich in essential nutrients.,Seafood,,78,3.1,6.1,4.5,0.4,0.5,14.563,0.1,7.8,0.089,0.3,53.5,0.2,0.072,0.055,0.038,0.0,0.0,1.9
coho salmon raw,Coho Salmon Raw is a nutritious food rich in essential nutrients.,Seafood,,254,33.8,0.0,12.2,0.0,0.0,67.308,0.054,81.1,19.1,0.5,715.5,49.3,0.7,0.012,1.7,0.0,0.0,0.0
monkfish cooked,Monkfish Cooked is a nutritious food rich in essential nutrients.,Seafood,,27,5.3,0.0,0.6,0.0,0.0,9.165,0.004,9.1,2.8,0.1,145.2,7.6,0.1,0.006,0.3,0.0,0.0,0.0
yellowtail cooked,Yellowtail Cooked is a nutritious food rich in essential nutrients.,Others,,546,86.6,0.0,19.6,0.0,0.0,201.282,0.1,207.3,84.7,1.8,1571.0,111.0,2.0,0.045,8.5,0.0,0.0,0.0
yellowfin tuna cooked,Yellowfin Tuna Cooked is a nutritious food rich in essential nutrients.,Seafood,,37,8.2,0.0,0.2,0.0,0.0,9.861,0.011,13.3,1.1,0.3,149.1,11.9,0.1,0.098,0.0,0.009,0.042,0.023
ling cooked,Ling Cooked is a nutritious food rich in essential nutrients.,Others,,168,36.8,0.0,1.2,0.0,0.0,105.731,0.3,77.0,66.4,1.3,733.9,122.3,1.5,0.025,0.0,0.0,0.0,0.0
eel cooked,Eel Cooked is a nutritious food rich in essential nutrients.,Others,,67,6.7,0.0,4.2,0.0,0.0,19.3,0.069,45.6,7.4,0.2,98.8,7.4,0.6,0.3,0.5,0.0,0.0,0.0
sablefish raw,Sablefish Raw is a nutritious food rich in essential nutrients.,Seafood,,753,51.8,0.0,59.1,0.0,0.0,251.3,0.2,189.1,135.1,4.9,1381.9,212.3,1.2,0.4,0.0,0.0,0.0,0.0
salmon nuggets,Salmon Nuggets is a nutritious food rich in essential nutrients.,Seafood,,60,3.6,4.0,3.3,0.0,0.0,13.6,0.005,7.4,2.3,0.4,46.7,5.7,0.1,0.0,0.0,0.0,0.0,0.0
yellowtail raw,Yellowtail Raw is a nutritious food rich in essential nutrients.,Others,,546,86.5,0.0,19.6,0.0,0.0,204.5,0.1,205.7,86.0,1.8,1570.8,112.2,1.9,0.1,10.5,0.0,0.0,0.071
butterfish cooked,Butterfish Cooked is a nutritious food rich in essential nutrients.,Dairy,,47,5.5,0.0,2.6,0.0,0.0,15.35,0.042,20.8,7.0,0.2,120.3,8.0,0.2,0.029,0.0,0.0,0.0,0.0
caviar,Caviar is a nutritious food rich in essential nutrients.,Others,,42,3.9,0.6,2.9,0.0,0.0,53.325,0.2,94.1,44.0,1.9,29.0,48.0,0.2,0.054,0.0,0.0,0.3,0.065
pollock raw,Pollock Raw is a nutritious food rich in essential nutrients.,Others,,355,75.0,0.0,3.8,0.0,0.0,312.275,0.3,274.1,231.6,1.8,1374.2,258.6,1.8,0.068,0.0,0.012,0.9,0.014
catfish cooked,Catfish Cooked is a nutritious food rich in essential nutrients.,Seafood,,206,26.4,0.0,10.3,0.0,0.0,37.141,0.2,94.4,0.01,0.098,353.2,0.4,0.03,0.066,0.3,0.0,0.035,1.4
whiting raw,Whiting Raw is a nutritious food rich in essential nutrients.,Others,,83,16.8,0.0,1.2,0.0,0.0,62.592,0.016,61.6,44.2,0.3,229.1,19.3,0.8,0.092,0.0,0.089,0.3,0.086
pink salmon raw,Pink Salmon Raw is a nutritious food rich in essential nutrients.,Seafood,,404,65.2,0.0,14.0,0.0,0.0,102.8,0.2,146.3,22.3,1.2,1163.9,85.9,1.2,0.1,0.0,0.035,1.3,0.025
yellowfin tuna raw,Yellowfin Tuna Raw is a nutritious food rich in essential nutrients.,Seafood,,31,6.9,0.0,0.1,0.0,0.0,8.322,0.049,11.0,1.1,0.2,124.8,9.9,0.1,0.048,0.0,0.017,0.063,0.09
mackerel raw,Mackerel Raw is a nutritious food rich in essential nutrients.,Others,,230,20.8,0.0,15.6,0.0,0.0,52.063,0.1,78.4,13.4,1.8,351.7,85.1,0.7,0.019,0.4,0.03,1.7,0.025
turbot raw,Turbot Raw is a nutritious food rich in essential nutrients.,Others,,388,65.5,0.0,12.0,0.0,0.0,159.322,0.6,195.8,73.4,1.5,971.0,208.1,0.9,0.001,6.9,0.0,0.0,0.0
cusk cooked,Cusk Cooked is a nutritious food rich in essential nutrients.,Others,,106,23.1,0.0,0.8,0.0,0.0,37.306,0.047,50.4,12.4,1.0,477.9,38.0,0.5,0.016,0.0,0.0,0.0,0.0
atlantic croaker raw,Atlantic Croaker Raw is a nutritious food rich in essential nutrients.,Others,,82,14.0,0.0,2.5,0.0,0.0,28.709,0.014,48.2,11.9,0.3,272.6,31.6,0.3,0.039,0.0,0.005,1.0,0.068
sucker cooked,Sucker Cooked is a nutritious food rich in essential nutrients.,Others,,148,26.6,0.0,3.7,0.0,0.0,144.006,0.019,65.7,111.6,2.1,603.9,47.1,1.2,0.006,0.0,0.0,0.0,0.0
spot raw,Spot Raw is a nutritious food rich in essential nutrients.,Others,,79,11.8,0.0,3.1,0.0,0.0,24.113,0.022,38.4,9.0,0.2,317.4,26.9,0.3,0.005,0.0,0.0,0.0,0.0
drum cooked,Drum Cooked is a nutritious food rich in essential nutrients.,Others,,236,34.6,0.0,9.7,0.0,0.0,166.292,0.1,126.3,118.6,1.8,543.6,58.5,1.3,0.099,1.5,0.0,0.0,0.0
crayfish raw,Crayfish Raw is a nutritious food rich in essential nutrients.,Seafood,,3,0.6,0.0,0.048,0.0,0.0,1.788,0.024,4.3,1.0,0.053,10.4,1.2,0.009,0.098,0.078,0.0,0.0,0.0
tilefish cooked,Tilefish Cooked is a nutritious food rich in essential nutrients.,Seafood,,441,73.5,0.0,14.1,0.0,0.0,166.521,0.2,192.0,78.0,0.9,1536.0,99.0,1.6,0.022,0.0,0.0,0.0,0.0
bluefish cooked,Bluefish Cooked is a nutritious food rich in essential nutrients.,Seafood,,186,30.1,0.0,6.4,0.0,0.0,47.9,0.045,88.9,10.5,0.7,558.1,49.1,1.2,0.2,0.0,0.0,0.0,0.0
grouper cooked,Grouper Cooked is a nutritious food rich in essential nutrients.,Others,,238,50.2,0.0,2.6,0.0,0.0,97.6,0.1,94.9,42.4,2.3,959.5,74.7,1.0,0.1,0.0,0.0,0.0,0.0
sheepshead raw,Sheepshead Raw is a nutritious food rich in essential nutrients.,Others,,257,48.1,0.0,5.7,0.0,0.0,104.93,0.2,119.0,50.0,1.1,961.5,76.2,0.9,0.022,0.0,0.0,0.0,0.0
herring kippered,Herring Kippered is a nutritious food rich in essential nutrients.,Others,,87,9.8,0.0,4.9,0.0,0.0,49.314,0.4,32.8,33.6,0.6,178.8,18.4,0.5,0.005,0.4,0.004,0.6,0.086
grouper raw,Grouper Raw is a nutritious food rich in essential nutrients.,Others,,238,50.2,0.0,2.6,0.0,0.0,125.1,0.1,95.8,69.9,2.3,1251.0,80.3,1.2,0.1,0.0,0.0,0.0,0.0
ocean perch cooked,Ocean Perch Cooked is a nutritious food rich in essential nutrients.,Others,,48,9.3,0.0,0.9,0.0,0.0,10.368,0.2,31.5,0.069,0.073,150.0,0.1,0.004,0.011,0.021,0.0,0.042,0.5
ling raw,Ling Raw is a nutritious food rich in essential nutrients.,Others,,168,36.7,0.0,1.2,0.0,0.0,104.862,0.3,77.2,65.6,1.3,731.5,121.6,1.5,0.041,0.0,0.0,0.0,0.0
lingcod cooked,Lingcod Cooked is a nutritious food rich in essential nutrients.,Seafood,,329,68.4,0.0,4.1,0.0,0.0,128.139,0.2,202.3,54.4,1.2,1691.2,99.7,1.8,0.054,0.0,0.0,0.0,0.0
florida pompano raw,Florida Pompano Raw is a nutritious food rich in essential nutrients.,Others,,184,20.7,0.0,10.6,0.0,0.0,56.69,0.081,56.0,24.6,0.7,426.7,30.2,0.8,0.091,0.0,0.098,0.2,0.041
rockfish cooked,Rockfish Cooked is a nutritious food rich in essential nutrients.,Seafood,,162,33.1,0.0,2.4,0.0,0.0,35.955,0.1,90.9,0.0,0.046,369.5,0.5,0.1,0.012,0.4,0.0,0.004,0.7
seatrout cooked,Seatrout Cooked is a nutritious food rich in essential nutrients.,Others,,247,39.9,0.0,8.6,0.0,0.0,90.142,0.1,197.2,40.9,0.7,812.8,74.4,1.1,0.006,0.0,0.0,0.0,0.0
sockeye salmon raw,Sockeye Salmon Raw is a nutritious food rich in essential nutrients.,Seafood,,562,84.4,0.0,22.2,0.0,0.0,148.1,0.4,209.9,39.6,1.7,1358.3,118.8,1.7,0.2,0.0,0.086,3.8,0.021
swordfish cooked,Swordfish Cooked is a nutritious food rich in essential nutrients.,Seafood,,182,24.9,0.0,8.4,0.0,0.0,34.203,0.1,82.7,0.022,0.045,322.2,0.5,0.028,0.075,0.7,0.0,0.038,2.6
american shad raw,American Shad Raw is a nutritious food rich in essential nutrients.,Others,,362,31.2,0.0,25.3,0.0,0.0,144.868,0.001,138.0,86.5,1.8,706.6,55.2,0.7,0.009,0.0,0.097,2.2,0.019
sardine canned in oil,Sardine Canned In Oil is a nutritious food rich in essential nutrients.,Seafood,,310,36.7,0.0,17.1,0.0,0.0,627.452,0.5,211.6,569.2,4.4,591.5,58.1,2.0,0.051,0.0,0.04,3.0,0.063
anchovy canned in oil,Anchovy Canned In Oil is a nutritious food rich in essential nutrients.,Others,,8,1.2,0.0,0.4,0.0,0.0,11.106,0.1,3.4,9.3,0.2,21.8,2.8,0.031,0.012,0.0,0.07,0.1,0.013
salmon canned,Salmon Canned is a nutritious food rich in essential nutrients.,Seafood,,520,79.1,0.0,20.3,0.0,0.0,1020.882,1.8,143.9,918.8,2.6,1107.0,110.7,3.7,0.064,0.0,0.0,5.9,0.02
sardines in tomato sauce canned,Sardines In Tomato Sauce Canned is a nutritious food rich in essential nutrients.,Vegetables,,165,18.6,0.5,9.3,0.009,0.4,244.978,0.4,54.3,213.6,2.0,303.5,30.3,1.2,0.036,0.9,0.017,1.2,0.012
sockeye salmon canned,Sockeye Salmon Canned is a nutritious food rich in essential nutrients.,Seafood,,563,79.5,0.0,24.9,0.0,0.0,888.6,1.4,266.2,781.8,2.2,1058.2,104.5,2.8,0.2,0.0,0.09,7.0,0.018
tuna canned,Tuna Canned is a nutritious food rich in essential nutrients.,Seafood,,102,18.9,0.0,2.4,0.0,0.0,33.32,0.3,33.6,11.2,0.8,189.6,26.4,0.4,0.017,0.0,0.07,0.7,0.099
pink salmon canned,Pink Salmon Canned is a nutritious food rich in essential nutrients.,Seafood,,530,80.9,0.0,20.4,0.0,0.0,987.651,1.7,226.1,883.7,2.6,1413.8,123.3,3.1,0.025,0.0,0.018,2.6,0.044
cod canned,Cod Canned is a nutritious food rich in essential nutrients.,Seafood,,328,71.0,0.0,2.7,0.0,0.0,143.814,0.7,171.6,65.5,1.5,1647.4,127.9,1.8,0.046,3.1,0.066,2.6,0.063
eastern oyster canned,Eastern Oyster Canned is a nutritious food rich in essential nutrients.,Others,,110,11.4,6.3,4.0,0.0,0.0,113.7,0.2,89.1,72.9,10.9,371.0,87.5,147.3,0.1,8.1,0.0,1.4,0.056
chum salmon canned,Chum Salmon Canned is a nutritious food rich in essential nutrients.,Seafood,,520,79.1,0.0,20.3,0.0,0.0,1020.805,0.3,143.9,918.8,2.6,1107.0,110.7,3.7,0.014,0.0,0.0,0.0,0.0
tuna canned in oil,Tuna Canned In Oil is a nutritious food rich in essential nutrients.,Seafood,,331,47.2,0.0,14.4,0.0,0.0,69.953,0.7,55.2,7.1,1.2,592.7,60.5,0.8,0.03,0.0,0.0,4.1,0.073
wild pink salmon oceans,Wild Pink Salmon Oceans is a nutritious food rich in essential nutrients.,Seafood,,320,0.0,0.0,16.0,0.0,0.0,16.0,0.0,0.0,0.0,0.0,0.0,0.0,0.0,0.0,0.0,0.0,0.0,0.0
shrimp canned,Shrimp Canned is a nutritious food rich in essential nutrients.,Seafood,,128,26.1,0.0,1.7,0.0,0.0,221.3,1.1,322.6,185.6,2.7,102.4,42.2,2.5,0.0,5.2,0.0,1.4,0.0
alaska king crab raw,Alaska King Crab Raw is a nutritious food rich in essential nutrients.,Seafood,,144,31.5,0.0,1.0,0.0,0.0,124.608,1.4,72.2,79.1,1.0,350.9,84.3,10.2,0.048,12.0,0.0,0.0,0.0
scallops fried,Scallops Fried is a nutritious food rich in essential nutrients.,Others,,64,2.6,6.4,3.2,0.0,0.0,15.698,0.2,18.0,3.1,0.3,49.0,5.3,0.2,0.059,0.0,0.0,0.0,0.0
shrimp cooked,Shrimp Cooked is a nutritious food rich in essential nutrients.,Seafood,,7,1.3,0.013,0.092,0.0,0.0,6.398,0.012,11.6,5.0,0.009,9.4,2.0,0.008,0.021,0.0,0.08,0.1,0.001
clams fried,Clams Fried is a nutritious food rich in essential nutrients.,Others,,19,1.3,1.0,1.0,0.0,0.0,11.464,0.068,5.7,5.9,1.3,30.6,1.3,0.1,0.008,0.9,0.0,0.0,0.0
alaska king crab cooked,Alaska King Crab Cooked is a nutritious food rich in essential nutrients.,Seafood,,130,25.9,0.0,2.1,0.0,0.0,118.35,1.4,71.0,79.1,1.0,351.1,84.4,10.2,0.018,10.2,0.0,0.0,0.0
scallops cooked,Scallops Cooked is a nutritious food rich in essential nutrients.,Others,,11,2.1,0.5,0.058,0.0,0.0,2.732,0.06,4.1,0.0,0.057,42.6,0.041,0.042,0.05,0.032,0.0,0.0,0.0
squid fried,Squid Fried is a nutritious food rich in essential nutrients.,Others,,140,14.4,6.2,6.0,0.0,0.0,62.028,0.2,208.0,31.2,0.8,223.2,30.4,1.4,0.035,3.4,0.0,0.0,0.0
oyster raw,Oyster Raw is a nutritious food rich in essential nutrients.,Others,,41,4.7,2.5,1.2,0.0,0.0,19.054,0.059,25.0,4.0,2.6,84.0,11.0,8.3,0.093,4.0,0.0,0.0,0.0
abalone,Abalone is a nutritious food rich in essential nutrients.,Others,,89,14.5,5.1,0.6,0.0,0.0,51.092,0.3,72.3,26.4,2.7,212.5,40.8,0.7,0.056,1.7,0.0,3.4,0.043
queen crab raw,Queen Crab Raw is a nutritious food rich in essential nutrients.,Seafood,,25,5.2,0.0,0.3,0.0,0.0,15.607,0.2,15.6,7.4,0.7,49.0,13.9,0.8,0.093,2.0,0.0,0.0,0.0
whelk cooked,Whelk Cooked is a nutritious food rich in essential nutrients.,Others,,78,13.5,4.4,0.2,0.0,0.0,54.806,0.1,36.8,32.0,2.8,196.4,48.7,0.9,0.013,1.9,0.0,0.0,0.0
oyster cooked,Oyster Cooked is a nutritious food rich in essential nutrients.,Others,,41,4.7,2.5,1.2,0.0,0.0,17.971,0.066,25.0,4.0,2.3,75.5,11.0,8.3,0.082,3.2,0.0,0.2,0.047
eastern oyster cooked,Eastern Oyster Cooked is a nutritious food rich in essential nutrients.,Others,,8,0.7,0.7,0.2,0.0,0.0,8.598,0.038,3.7,5.5,0.8,14.9,3.2,4.4,0.09,0.6,0.0,0.0,0.0
blue mussels cooked,Blue Mussels Cooked is a nutritious food rich in essential nutrients.,Others,,344,47.6,14.8,9.0,0.0,0.0,178.2,0.7,112.0,66.0,13.4,536.0,74.0,5.3,0.2,27.2,0.0,0.0,0.0
octopus raw,Octopus Raw is a nutritious food rich in essential nutrients.,Others,,23,4.2,0.6,0.3,0.0,0.0,23.044,0.064,13.6,15.0,1.5,99.1,8.5,0.5,0.059,1.4,0.0,0.3,0.074
spiny lobster cooked,Spiny Lobster Cooked is a nutritious food rich in essential nutrients.,Seafood,,233,43.0,5.1,3.2,0.0,0.0,159.731,0.4,146.7,102.7,2.3,339.0,83.1,11.9,0.06,3.4,0.0,0.0,0.0
blue mussels raw,Blue Mussels Raw is a nutritious food rich in essential nutrients.,Others,,129,17.9,5.5,3.4,0.0,0.0,83.72,0.4,42.0,39.0,5.9,480.0,51.0,2.4,0.028,12.0,0.0,0.8,0.012
queen crab cooked,Queen Crab Cooked is a nutritious food rich in essential nutrients.,Seafood,,98,20.2,0.0,1.3,0.0,0.0,58.197,0.6,60.4,28.1,2.4,170.0,53.6,3.1,0.007,6.1,0.0,0.0,0.0
dungeness crab cooked,Dungeness Crab Cooked is a nutritious food rich in essential nutrients.,Seafood,,140,28.3,1.2,1.6,0.0,0.0,111.171,0.5,96.5,74.9,0.5,518.2,73.7,6.9,0.06,4.6,0.0,0.0,0.0
dungeness crab raw,Dungeness Crab Raw is a nutritious food rich in essential nutrients.,Seafood,,140,28.4,1.2,1.6,0.0,0.0,112.564,0.5,96.2,75.0,0.6,577.0,73.4,7.0,0.026,5.7,0.0,0.0,0.0
shrimp fried,Shrimp Fried is a nutritious food rich in essential nutrients.,Seafood,,52,1.3,4.8,3.2,0.1,0.086,14.433,0.2,9.9,4.9,0.1,13.9,2.7,0.069,0.01,0.0,0.0,0.4,0.04
shrimp raw,Shrimp Raw is a nutritious food rich in essential nutrients.,Seafood,,4,0.7,0.041,0.023,0.0,0.0,3.712,0.083,6.3,2.7,0.072,5.7,1.1,0.078,0.083,0.0,0.053,0.035,0.042
blue crab cooked,Blue Crab Cooked is a nutritious food rich in essential nutrients.,Seafood,,71,15.2,0.0,0.6,0.0,0.0,16.719,0.3,82.5,0.027,0.7,198.9,0.4,0.076,0.004,0.1,2.8,0.0,1.6
shrimp imitation,Shrimp Imitation is a nutritious food rich in essential nutrients.,Seafood,,29,3.5,2.6,0.4,0.0,0.0,12.119,0.2,10.2,5.4,0.2,25.2,12.2,0.036,0.046,0.0,0.0,0.0,0.0
conch baked,Conch Baked is a nutritious food rich in essential nutrients.,Others,,165,33.4,2.2,1.5,0.0,0.0,163.446,0.2,82.6,124.5,1.8,207.0,302.3,2.2,0.099,0.0,0.0,8.0,0.016
squid raw,Squid Raw is a nutritious food rich in essential nutrients.,Others,,26,4.4,0.9,0.4,0.0,0.0,16.386,0.09,65.9,9.1,0.2,69.6,9.3,0.4,0.077,1.3,0.0,0.3,0.0
scallop raw,Scallop Raw is a nutritious food rich in essential nutrients.,Others,,10,1.8,0.5,0.091,0.0,0.0,3.417,0.057,3.6,0.9,0.068,30.8,3.3,0.1,0.084,0.0,0.0,0.0,0.0
lobster raw,Lobster Raw is a nutritious food rich in essential nutrients.,Seafood,,116,24.8,0.0,1.1,0.0,0.0,152.362,0.6,190.5,126.0,0.4,300.0,57.0,5.3,0.092,0.0,0.0,1.3,0.0
scallop imitation,Scallop Imitation is a nutritious food rich in essential nutrients.,Others,,28,3.6,3.0,0.1,0.0,0.0,9.105,0.2,6.2,2.3,0.058,29.1,12.2,0.019,0.008,0.0,0.0,0.0,0.0
blue crab raw,Blue Crab Raw is a nutritious food rich in essential nutrients.,Seafood,,18,3.8,0.018,0.2,0.0,0.0,23.615,0.079,16.4,18.7,0.2,69.1,7.1,0.7,0.069,0.6,0.0,0.0,0.0
whelk raw,Whelk Raw is a nutritious food rich in essential nutrients.,Others,,39,6.7,2.2,0.1,0.0,0.0,27.678,0.073,18.4,16.1,1.4,98.2,24.3,0.5,0.043,1.1,0.0,0.013,0.028
spiny lobster raw,Spiny Lobster Raw is a nutritious food rich in essential nutrients.,Seafood,,234,43.1,5.1,3.2,0.0,0.0,160.501,0.4,146.3,102.4,2.5,376.2,83.6,11.9,0.025,4.2,0.0,0.0,0.0
clams canned,Clams Canned is a nutritious food rich in essential nutrients.,Others,,227,38.8,9.4,2.5,0.0,0.0,159.2,0.2,80.0,104.0,4.3,1004.8,51.2,1.3,0.2,0.0,0.063,1.8,0.037
lobster cooked,Lobster Cooked is a nutritious food rich in essential nutrients.,Seafood,,134,28.5,0.0,1.3,0.0,0.0,32.314,0.7,219.0,0.0,2.3,277.5,0.4,0.1,0.077,0.2,0.0,0.0,1.5
eastern oyster fried,Eastern Oyster Fried is a nutritious food rich in essential nutrients.,Others,,29,1.3,1.7,1.8,0.0,0.0,15.5,0.015,10.4,9.1,1.0,35.6,8.5,12.7,0.0,0.6,0.0,0.0,0.0
clams raw,Clams Raw is a nutritious food rich in essential nutrients.,Others,,195,33.3,8.1,2.2,0.0,0.0,136.0,1.4,68.1,88.5,3.7,104.4,43.1,1.2,0.2,0.0,0.0,1.5,0.032
octopus cooked,Octopus Cooked is a nutritious food rich in essential nutrients.,Others,,139,25.3,3.7,1.8,0.0,0.0,135.853,0.4,81.6,90.1,8.1,535.5,51.0,2.9,0.09,6.8,0.0,1.0,0.088
eastern oyster raw,Eastern Oyster Raw is a nutritious food rich in essential nutrients.,Others,,8,0.7,0.8,0.2,0.0,0.0,9.448,0.021,3.5,6.2,0.8,17.4,4.6,5.3,0.069,0.7,0.0,0.0,0.0
oyster fried,Oyster Fried is a nutritious food rich in essential nutrients.,Others,,61,2.1,6.7,3.0,0.0,0.0,17.861,0.1,18.1,4.6,0.7,30.4,3.9,2.6,0.036,0.7,0.0,0.0,0.0
sturgeon smoked,Sturgeon Smoked is a nutritious food rich in essential nutrients.,Others,,49,8.8,0.0,1.2,0.0,0.0,15.175,0.2,22.6,4.8,0.3,107.3,13.3,0.2,0.02,0.0,0.048,0.1,0.022
chinook salmon smoked,Chinook Salmon Smoked is a nutritious food rich in essential nutrients.,Seafood,,159,24.9,0.0,5.9,0.0,0.0,47.038,1.1,31.3,15.0,1.2,238.0,24.5,0.4,0.019,0.0,0.09,1.8,0.039
cisco smoked,Cisco Smoked is a nutritious food rich in essential nutrients.,Others,,50,4.6,0.0,3.4,0.0,0.0,15.576,0.1,9.1,7.4,0.1,82.9,4.8,0.076,0.05,0.0,0.047,0.098,0.094
haddock smoked,Haddock Smoked is a nutritious food rich in essential nutrients.,Others,,33,7.1,0.0,0.3,0.0,0.0,21.719,0.2,21.8,13.9,0.4,117.4,15.3,0.1,0.087,0.0,0.074,0.2,0.078
whitefish smoked,Whitefish Smoked is a nutritious food rich in essential nutrients.,Seafood,,147,31.8,0.0,1.3,0.0,0.0,58.398,1.4,44.9,24.5,0.7,575.3,31.3,0.7,0.086,0.0,0.078,0.3,0.097
red salmon sockeye filets smoked,Red Salmon Sockeye Filets Smoked is a nutritious food rich in essential nutrients.,Seafood,,373,65.5,0.0,12.3,0.0,0.0,141.587,0.065,167.4,62.6,1.1,1036.8,62.6,1.2,0.047,0.0,0.0,1.3,0.0
